sl_buffer_mult,eval_dt,code,direction,entry,tp,sl,exit,result,pnl_pct,rr_real,mfe_pct,mae_pct,d1_ohlc_pct,d2_ohlc_pct,d3_ohlc_pct,d4_ohlc_pct,d5_ohlc_pct,cumulative_ohlc,ma_divergence,trend_aligned,swing_rank
1.0,2025-12-02,8725,売り,3530.0,3261.6,3600.9,3600.9,loss,-2.01,-1.0,1.64,2.61,2.125,-0.68,0.708,-2.465,-5.326,-5.637,-2.64,True,1
1.0,2025-12-02,6098,売り,7892.0,7650.6,8145.3,8145.3,loss,-3.21,-1.0,0.62,4.09,-7.413,-16.814,-13.621,-9.592,-8.502,-55.943,-3.874,True,2
1.0,2025-12-02,7267,売り,1510.0,1500.4,1543.2,1543.2,loss,-2.2,-1.0,0.53,2.78,0.43,-5.298,-1.821,-2.682,-2.649,-12.02,-2.859,True,3
1.0,2025-12-02,8766,売り,5500.0,5298.0,5633.4,5633.4,loss,-2.43,-1.0,1.04,2.8,1.036,-3.891,-1.273,-3.109,-4.418,-11.655,-6.333,True,4
1.0,2025-12-02,8316,売り,4869.0,4096.1,4982.3,4849.0,forced_win,0.41,0.18,1.56,1.99,2.136,0.185,-3.738,-2.033,-0.205,-3.656,3.802,False,5
1.0,2025-12-02,2914,売り,5850.0,4384.9,5947.2,5790.0,forced_win,1.03,0.62,2.44,0.34,0.957,4.444,5.521,5.043,3.59,19.556,9.185,False,6
1.0,2025-12-03,8725,売り,3484.0,3261.6,3555.2,3555.2,loss,-2.04,-1.0,0.23,2.67,-4.65,-3.243,-6.458,-9.357,-7.147,-30.855,-2.356,True,1
1.0,2025-12-03,7267,売り,1514.5,1417.1,1547.1,1547.1,loss,-2.15,-1.0,0.26,2.48,-4.391,-0.924,-1.783,-1.75,-13.503,-22.351,-2.95,True,2
1.0,2025-12-03,6098,売り,8053.0,7650.6,8304.1,8304.1,loss,-3.12,-1.0,0.04,5.94,-10.481,-7.351,-3.402,-2.335,-0.857,-24.426,-3.778,True,3
1.0,2025-12-03,8766,売り,5500.0,5298.0,5628.9,5628.9,loss,-2.34,-1.0,0.67,2.8,-3.891,-1.273,-3.109,-4.418,-3.455,-16.145,-6.457,True,4
1.0,2025-12-03,8411,売り,5563.0,4800.3,5699.5,5635.0,forced_loss,-1.29,-0.53,0.49,2.44,-3.146,-3.793,-4.8,-5.375,-2.984,-20.097,4.908,False,5
1.0,2025-12-03,2914,売り,5753.0,4394.2,5850.9,5818.0,forced_loss,-1.13,-0.66,0.8,1.15,-0.539,0.556,0.07,-1.408,-2.712,-4.033,9.616,False,6
1.0,2025-12-04,8725,売り,3520.0,3261.6,3591.0,3591.0,loss,-2.02,-1.0,0.37,2.9,-0.142,-3.324,-6.193,-4.006,-7.358,-21.023,-2.126,True,1
1.0,2025-12-04,7267,売り,1519.5,1417.1,1550.9,1550.9,loss,-2.07,-1.0,0.76,5.59,0.066,-0.79,-0.757,-12.471,-10.661,-24.613,-3.125,True,2
1.0,2025-12-04,8766,売り,5520.0,5298.0,5645.3,5645.3,loss,-2.27,-1.0,1.03,2.43,-0.181,-2.011,-3.315,-2.355,-4.185,-12.047,-6.599,True,3
1.0,2025-12-04,6861,売り,55070.0,51575.4,56196.6,54670.0,forced_win,0.73,0.36,2.22,1.92,3.178,2.215,4.975,-2.088,-0.327,7.954,-2.428,True,4
1.0,2025-12-04,8316,売り,4905.0,4079.6,5020.6,4841.0,forced_win,1.3,0.55,1.71,1.24,-1.509,0.183,1.998,3.201,2.324,6.198,4.753,False,5
1.0,2025-12-05,7267,売り,1530.0,1500.4,1562.6,1562.6,loss,-2.13,-1.0,1.18,4.87,1.275,1.307,-10.327,-8.529,-12.614,-28.889,-3.186,True,1
1.0,2025-12-05,6098,売り,8158.0,7956.0,8435.7,8312.0,forced_loss,-1.89,-0.55,2.12,2.48,0.503,1.557,3.015,-0.282,-3.984,0.809,-3.065,True,2
1.0,2025-12-05,8766,売り,5485.0,5534.3,5611.0,5534.3,win,-0.9,-0.39,0.4,2.17,-3.938,-5.251,-4.284,-6.126,-13.418,-33.017,-6.63,True,3
1.0,2025-12-05,4568,売り,3452.0,3495.3,3575.0,3495.3,win,-1.25,-0.35,1.04,0.38,1.333,-1.912,2.26,5.649,7.561,14.89,-2.521,True,4
1.0,2025-12-05,8316,売り,4904.0,4079.6,5019.4,4973.0,forced_loss,-1.41,-0.6,1.69,1.9,0.122,1.937,3.14,2.263,-3.324,4.139,5.227,False,5
1.0,2025-12-08,8766,売り,5654.0,5298.0,5779.4,5779.4,loss,-2.22,-1.0,2.46,2.39,3.873,4.811,3.024,-4.05,-8.949,-1.291,-6.561,True,1
1.0,2025-12-08,9432,売り,154.3,150.0,156.2,156.2,loss,-1.24,-1.0,0.78,1.3,1.037,-2.268,-2.203,-1.944,-2.463,-7.842,-2.028,True,2
1.0,2025-12-08,6098,売り,8167.0,7956.0,8445.1,8445.1,loss,-3.41,-1.0,2.23,5.77,1.886,3.343,0.049,-3.649,-12.71,-11.081,-2.623,True,3
1.0,2025-12-08,6861,売り,54280.0,53173.1,55623.8,55623.8,loss,-2.48,-1.0,0.79,3.1,0.682,-6.485,-4.698,-9.285,-11.588,-31.374,-3.321,True,4
1.0,2025-12-08,7267,売り,1527.0,1500.4,1560.1,1560.1,loss,-2.17,-1.0,0.65,5.08,0.72,-10.936,-9.136,-13.229,-15.488,-48.068,-3.251,True,5
1.0,2025-12-08,6954,売り,5857.0,4335.4,6069.7,6069.7,loss,-3.63,-1.0,0.12,5.24,-10.364,-14.786,-10.33,-20.13,-13.949,-69.558,10.159,False,6
1.0,2025-12-08,6506,売り,4799.0,3079.6,4977.0,4977.0,loss,-3.71,-1.0,0.13,5.79,-10.544,-18.421,-9.481,-15.732,-9.044,-63.222,12.478,False,7
1.0,2025-12-08,8316,売り,4918.0,4097.7,5031.7,5031.7,loss,-2.31,-1.0,1.97,3.84,2.786,3.985,3.111,-2.46,-8.845,-1.423,5.825,False,8
1.0,2025-12-09,6758,買い,4326.0,4563.4,4208.6,4208.6,loss,-2.71,-1.0,0.53,3.58,-6.38,-13.615,-11.165,-11.882,-14.817,-57.859,2.731,True,1
1.0,2025-12-09,6701,買い,5670.0,6106.0,5488.0,5488.0,loss,-3.21,-1.0,0.14,3.49,-5.009,-8.448,-7.249,-10.212,-14.444,-45.362,14.058,True,2
1.0,2025-12-09,6702,買い,4165.0,4216.0,4065.5,4065.5,loss,-2.39,-1.0,0.34,2.98,-3.313,-6.531,1.753,3.986,2.737,-1.369,7.153,True,3
1.0,2025-12-09,7203,買い,3089.0,3202.8,3023.2,3202.8,win,3.68,1.73,5.92,0.42,2.007,3.302,14.017,22.111,25.445,66.882,3.341,True,4
1.0,2025-12-09,6762,買い,2400.0,2608.9,2320.7,2320.7,loss,-3.3,-1.0,1.77,5.31,-1.833,-10.292,-9.917,-19.5,-22.812,-64.354,10.244,True,5
1.0,2025-12-09,9501,買い,648.0,761.4,600.4,636.9,forced_loss,-1.71,-0.23,4.38,4.2,-2.809,-7.222,2.623,4.861,-1.25,-3.796,5.31,True,6
1.0,2025-12-09,4506,買い,2403.0,2727.4,2254.7,2254.7,loss,-6.17,-1.0,3.35,8.51,5.576,-5.66,-17.395,-14.357,-12.422,-44.257,24.877,True,7
1.0,2025-12-09,9983,買い,55950.0,58378.7,54561.1,56570.0,forced_win,1.11,0.45,2.88,1.0,0.411,-0.286,3.968,5.827,3.807,13.727,9.378,True,8
1.0,2025-12-09,5706,買い,19000.0,21194.4,17840.0,17840.0,loss,-6.11,-1.0,1.84,7.76,-4.842,-17.579,-14.816,-25.0,-35.553,-97.789,28.816,True,9
1.0,2025-12-09,7003,買い,6190.0,6859.1,5840.8,5840.8,loss,-5.64,-1.0,0.24,7.11,-13.974,-22.811,-18.094,-25.444,-38.061,-118.384,20.762,True,10
1.0,2025-12-10,6762,買い,2399.5,2530.4,2321.3,2321.3,loss,-3.26,-1.0,0.25,5.29,-10.231,-9.856,-19.442,-22.755,-23.317,-85.601,9.457,True,1
1.0,2025-12-10,6701,買い,5560.0,5927.1,5382.3,5382.3,loss,-3.2,-1.0,0.41,3.94,-2.68,-1.457,-4.478,-8.795,-3.813,-21.223,13.77,True,2
1.0,2025-12-10,6758,買い,4174.0,4563.4,4059.0,4059.0,loss,-2.76,-1.0,0.96,4.72,-3.186,-0.647,-1.39,-4.432,-10.685,-20.34,2.663,True,3
1.0,2025-12-10,7203,買い,3148.0,3202.8,3084.1,3202.8,win,1.74,0.86,3.94,1.56,-2.382,8.132,16.074,19.346,18.202,59.371,3.18,True,4
1.0,2025-12-10,9983,買い,56470.0,58378.7,55118.9,56710.0,forced_win,0.43,0.18,1.93,1.91,-3.046,1.169,3.01,1.009,1.859,4.002,9.119,True,5
1.0,2025-12-10,4506,買い,2445.0,2727.4,2296.4,2296.4,loss,-6.08,-1.0,0.59,10.08,-10.716,-22.249,-19.264,-17.362,-22.945,-92.536,25.515,True,6
1.0,2025-12-10,6702,買い,4101.0,4305.5,4003.0,4202.0,forced_win,2.46,1.03,3.54,1.46,-1.951,6.462,8.73,7.462,7.559,28.261,7.03,True,7
1.0,2025-12-10,7269,買い,2308.5,2422.8,2249.6,2249.6,loss,-2.55,-1.0,0.35,3.83,-2.274,-3.595,0.996,2.924,2.253,0.303,5.221,True,8
1.0,2025-12-10,7003,買い,5735.0,6859.1,5396.0,5396.0,loss,-5.91,-1.0,3.05,8.09,-0.82,4.272,-3.662,-17.28,-24.725,-42.214,20.017,True,9
1.0,2025-12-10,6857,買い,20250.0,22197.9,19223.2,19223.2,loss,-5.07,-1.0,4.86,5.53,8.173,8.395,-9.457,-13.259,-12.691,-18.84,20.406,True,10
1.0,2025-12-11,6762,買い,2310.0,2530.4,2230.9,2230.9,loss,-3.42,-1.0,1.73,4.03,1.385,-8.571,-12.013,-12.597,-14.545,-46.342,8.769,True,1
1.0,2025-12-11,6701,買い,5500.0,5927.1,5320.3,5320.3,loss,-3.27,-1.0,1.47,3.71,1.8,-1.255,-5.618,-0.582,-9.018,-14.673,13.478,True,2
1.0,2025-12-11,7269,買い,2242.5,2422.8,2184.2,2332.5,forced_win,4.01,1.54,5.55,1.0,5.128,9.855,11.839,11.148,11.059,49.03,5.153,True,3
1.0,2025-12-11,6758,買い,4100.0,4378.8,3980.5,3980.5,loss,-2.91,-1.0,2.78,3.0,4.756,4.0,0.902,-5.463,-4.122,0.073,2.541,True,4
1.0,2025-12-11,4506,買い,2318.0,2727.4,2173.7,2279.0,forced_loss,-1.68,-0.27,3.15,5.16,-7.032,-3.883,-1.877,-7.765,-7.463,-28.02,25.362,True,5
1.0,2025-12-11,6702,買い,4159.0,4305.5,4060.7,4202.0,forced_win,1.03,0.44,2.09,0.65,2.188,4.424,3.174,3.27,2.428,15.484,7.02,True,6
1.0,2025-12-11,5706,買い,18300.0,21194.4,17152.0,17152.0,loss,-6.27,-1.0,0.27,6.34,-3.907,-14.481,-25.437,-21.858,-18.033,-83.716,27.837,True,7
1.0,2025-12-11,9983,買い,56000.0,58378.7,54678.3,56390.0,forced_win,0.7,0.3,2.79,1.09,3.696,5.554,3.536,4.393,2.375,19.554,9.0,True,8
1.0,2025-12-11,9501,買い,636.3,761.4,590.4,642.1,forced_win,0.91,0.13,6.3,3.5,8.188,10.467,4.243,-4.793,1.21,19.315,4.338,True,9
1.0,2025-12-11,6857,買い,20980.0,22197.9,19963.7,19963.7,loss,-4.84,-1.0,1.22,7.46,-2.336,-19.566,-23.236,-22.688,-32.007,-99.833,19.123,True,10
1.0,2025-12-12,7003,買い,5648.0,6278.4,5306.5,5306.5,loss,-6.05,-1.0,1.31,6.67,0.903,-12.925,-20.485,-24.646,-19.511,-76.664,18.661,True,1
1.0,2025-12-12,8306,買い,2513.0,2552.2,2460.1,2552.2,win,1.56,0.74,1.79,0.02,3.561,-0.358,-7.819,-9.073,-8.038,-21.727,3.574,True,2
1.0,2025-12-12,6701,買い,5426.0,5927.1,5250.3,5436.0,forced_win,0.18,0.06,2.58,2.4,2.82,-1.603,3.502,-5.05,-0.203,-0.534,13.075,True,3
1.0,2025-12-12,8035,買い,30800.0,35016.6,29585.5,31200.0,forced_win,1.3,0.33,2.21,2.4,2.857,2.013,3.052,-4.318,2.825,6.429,14.347,True,4
1.0,2025-12-12,7269,買い,2282.0,2422.8,2225.0,2332.5,forced_win,2.21,0.89,3.72,0.0,4.492,6.442,5.762,5.675,6.223,28.593,5.135,True,5
1.0,2025-12-12,6758,買い,4142.0,4286.6,4024.7,4024.7,loss,-2.83,-1.0,1.5,3.98,0.917,-2.149,-8.45,-7.122,-9.947,-26.75,2.406,True,6
1.0,2025-12-12,6702,買い,4178.0,4216.0,4080.9,4216.0,win,0.91,0.39,1.63,0.17,3.04,1.795,1.891,1.053,8.114,15.893,7.031,True,7
1.0,2025-12-12,6501,買い,4900.0,5103.9,4752.4,4911.0,forced_win,0.22,0.07,1.47,2.53,0.122,-1.449,1.408,-4.612,0.816,-3.714,10.195,True,8
1.0,2025-12-12,2914,買い,5800.0,5864.6,5712.3,5774.0,forced_loss,-0.45,-0.3,0.88,0.74,1.5,1.5,0.379,-1.155,-0.207,2.017,11.177,True,9
1.0,2025-12-12,9983,買い,56440.0,58378.7,55117.0,56350.0,forced_loss,-0.16,-0.07,1.84,0.82,3.172,1.169,2.02,0.018,-0.035,6.343,8.767,True,10
1.0,2025-12-15,4506,買い,2340.0,2498.8,2194.0,2283.5,forced_loss,-2.41,-0.39,2.18,5.68,-4.679,-10.513,-10.214,-7.778,-6.239,-39.423,24.214,True,1
1.0,2025-12-15,6701,買い,5381.0,5927.1,5211.2,5392.0,forced_win,0.2,0.06,3.44,1.58,0.892,6.04,-2.583,2.304,1.245,7.898,12.758,True,2
1.0,2025-12-15,6758,買い,4203.0,4378.8,4085.9,4085.9,loss,-2.79,-1.0,0.02,3.35,-6.472,-12.681,-11.373,-14.157,-16.155,-60.837,2.262,True,3
1.0,2025-12-15,6762,買い,2205.0,2530.4,2122.4,2230.0,forced_win,1.13,0.3,1.97,2.45,1.701,1.088,-0.952,0.272,3.084,5.193,7.477,True,4
1.0,2025-12-15,7269,買い,2335.0,2422.8,2275.2,2355.5,forced_win,0.88,0.34,1.88,1.48,-0.514,-1.178,-1.263,-0.728,2.548,-1.135,5.252,True,5
1.0,2025-12-15,5802,買い,6350.0,7623.5,6028.5,6761.0,forced_win,6.47,1.28,6.52,4.99,-2.882,-2.724,-11.071,-3.165,15.496,-4.346,24.577,True,6
1.0,2025-12-15,8306,買い,2572.5,2660.4,2518.7,2518.7,loss,-2.09,-1.0,0.14,3.71,-7.289,-14.577,-15.802,-14.791,-8.688,-61.147,3.74,True,7
1.0,2025-12-15,5801,買い,9286.0,11041.4,8765.8,9770.0,forced_win,5.21,0.93,5.21,4.79,-5.438,-4.717,-8.4,-2.574,12.912,-8.217,3.152,True,8
1.0,2025-12-15,9433,買い,2702.0,2759.3,2662.2,2694.0,forced_loss,-0.3,-0.2,1.22,0.78,1.295,0.37,0.574,1.776,-0.259,3.756,5.633,True,9
1.0,2025-12-15,7013,買い,2906.0,3126.0,2795.0,2795.0,loss,-3.82,-1.0,1.2,6.69,-1.961,-6.951,-15.554,-11.734,-10.065,-46.266,6.224,True,10
1.0,2025-12-16,8035,買い,31200.0,33139.9,30008.5,33139.9,win,6.22,1.63,7.18,3.65,-0.833,-8.109,-1.058,17.564,17.724,25.288,12.69,True,1
1.0,2025-12-16,6701,買い,5509.0,5748.1,5343.8,5343.8,loss,-3.0,-1.0,1.03,3.87,-1.071,-9.494,-4.72,-5.754,-5.427,-26.466,12.499,True,2
1.0,2025-12-16,5802,買い,6311.0,7112.8,5999.7,6608.0,forced_win,4.71,0.95,7.18,4.41,-0.887,-9.285,-1.331,17.446,14.087,20.029,24.355,True,3
1.0,2025-12-16,4506,買い,2215.5,2727.4,2069.3,2310.5,forced_win,4.29,0.65,6.25,0.38,5.755,6.071,8.644,10.269,13.451,44.189,23.853,True,4
1.0,2025-12-16,6758,買い,4019.0,4378.8,3904.9,4069.0,forced_win,1.24,0.44,1.67,1.72,0.473,1.841,-1.07,-3.16,2.438,0.523,2.162,True,5
1.0,2025-12-16,7013,買い,2890.5,3126.0,2778.6,2778.6,loss,-3.87,-1.0,0.05,6.19,-5.38,-14.029,-10.189,-8.511,-7.386,-45.494,5.687,True,6
1.0,2025-12-16,9983,買い,57100.0,59328.0,55741.0,56990.0,forced_loss,-0.19,-0.08,1.12,1.96,-1.471,-3.45,-3.503,1.156,-0.175,-7.443,8.323,True,7
1.0,2025-12-16,6501,買い,4859.0,5385.6,4707.5,5011.0,forced_win,3.13,1.0,4.53,1.71,3.951,-2.12,3.355,10.414,9.076,24.676,9.28,True,8
1.0,2025-12-16,7741,買い,23620.0,25245.1,23040.3,23940.0,forced_win,1.35,0.55,2.92,1.12,0.656,-0.423,4.064,5.377,4.784,14.458,5.971,True,9
1.0,2025-12-16,8058,買い,3601.0,3999.4,3527.9,3568.0,forced_loss,-0.92,-0.45,1.58,1.42,-0.916,0.611,1.055,1.805,-1.694,0.861,3.172,True,10
1.0,2025-12-17,6981,買い,3120.0,3399.6,3024.3,3164.0,forced_win,1.41,0.46,4.68,0.03,3.59,6.538,9.808,7.404,4.84,32.179,9.513,True,1
1.0,2025-12-17,6701,買い,5308.0,5748.1,5143.8,5400.0,forced_win,1.73,0.56,3.24,0.23,1.507,6.462,5.388,5.727,6.33,25.414,12.107,True,2
1.0,2025-12-17,4506,買い,2218.0,2498.8,2072.4,2329.0,forced_win,5.0,0.76,6.24,0.32,5.726,8.296,9.919,13.097,14.518,51.555,23.778,True,3
1.0,2025-12-17,6857,買い,18480.0,21264.7,17482.0,20160.0,forced_win,9.09,1.68,9.66,0.11,4.248,11.201,23.539,21.077,26.055,86.12,15.309,True,4
1.0,2025-12-17,8035,買い,30220.0,33139.9,29052.9,33139.9,win,9.66,2.5,10.66,0.53,1.357,8.637,27.862,28.028,30.874,96.757,11.685,True,5
1.0,2025-12-17,4519,買い,8101.0,8719.9,7873.4,8266.0,forced_win,2.04,0.72,4.58,0.01,3.691,7.308,6.863,8.9,8.653,35.415,12.868,True,6
1.0,2025-12-17,6501,買い,4819.0,5103.9,4671.5,4988.0,forced_win,3.51,1.15,5.4,0.89,0.353,5.873,12.99,11.641,10.625,41.482,8.794,True,7
1.0,2025-12-17,7013,買い,2750.0,3126.0,2639.4,2808.0,forced_win,2.11,0.52,3.93,1.4,0.582,4.618,6.382,7.564,7.691,26.836,5.168,True,8
1.0,2025-12-17,9983,買い,56440.0,59328.0,55108.8,56480.0,forced_win,0.07,0.03,2.3,0.82,0.018,-0.035,4.678,3.331,1.86,9.851,7.953,True,9
1.0,2025-12-17,6762,買い,2163.0,2452.0,2080.2,2200.5,forced_win,1.73,0.45,5.13,0.55,4.854,6.103,8.969,12.552,7.42,39.898,6.135,True,10
1.0,2025-12-18,8058,買い,3628.0,3792.7,3549.0,3549.0,loss,-2.18,-1.0,0.83,3.2,-1.185,-0.441,-3.914,-8.104,-8.682,-22.326,2.8,True,1
1.0,2025-12-18,5801,買い,9250.0,10286.4,8749.3,10140.0,forced_win,9.62,1.78,10.59,1.92,-1.416,14.13,18.627,25.686,27.849,84.876,2.298,True,2
1.0,2025-12-18,6981,買い,3180.0,3399.6,3085.9,3168.0,forced_loss,-0.38,-0.13,2.7,1.07,0.755,3.962,1.604,-0.912,-0.283,5.126,9.152,True,3
1.0,2025-12-18,5803,買い,2689.2,3275.2,2517.5,2936.7,forced_win,9.2,1.44,12.98,0.37,7.313,27.208,29.997,35.172,29.036,128.726,8.563,True,4
1.0,2025-12-18,8306,買い,2425.0,2580.6,2367.8,2484.5,forced_win,2.45,1.04,4.21,0.31,2.557,9.031,10.66,8.351,7.01,37.608,4.23,True,5
1.0,2025-12-18,4506,買い,2281.0,2498.8,2139.3,2353.0,forced_win,3.16,0.51,3.81,2.17,-0.219,1.359,4.45,5.831,8.856,20.276,23.487,True,6
1.0,2025-12-18,8411,買い,5617.0,5891.5,5484.3,5698.0,forced_win,1.44,0.61,3.15,0.16,1.727,6.053,7.744,5.928,4.7,26.153,7.531,True,7
1.0,2025-12-18,6701,買い,5414.0,5748.1,5250.3,5422.0,forced_win,0.15,0.05,1.22,1.22,0.462,-0.591,-0.259,0.332,-0.443,-0.499,11.637,True,8
1.0,2025-12-18,7013,買い,2769.0,3126.0,2660.6,2790.0,forced_win,0.76,0.19,3.21,0.54,2.528,4.28,5.453,5.58,2.347,20.188,4.711,True,9
1.0,2025-12-18,4519,買い,8295.0,8574.8,8069.1,8329.0,forced_win,0.41,0.15,2.13,1.27,0.121,-0.313,1.676,1.435,0.325,3.243,12.857,True,10
1.0,2025-12-19,8766,売り,5997.0,5770.6,6124.4,5770.6,win,3.77,1.78,3.79,0.02,6.053,5.253,8.388,9.738,9.988,39.42,-5.729,True,1
1.0,2025-12-19,6861,売り,56440.0,54770.8,57675.6,57675.6,loss,-2.19,-1.0,0.66,2.73,-0.85,-6.467,-6.361,-4.624,-3.845,-22.147,-3.611,True,2
1.0,2025-12-19,7267,売り,1573.0,1500.4,1606.7,1540.5,forced_win,2.07,0.97,2.16,1.37,-1.907,1.017,2.765,2.606,5.149,9.631,-2.239,True,3
1.0,2025-12-22,8766,売り,5869.0,5888.8,5996.0,5888.8,win,-0.34,-0.16,0.24,0.85,-1.176,2.028,3.408,3.663,2.334,10.257,-5.61,True,1
1.0,2025-12-22,6861,売り,57300.0,54770.8,58553.1,57160.0,forced_win,0.24,0.11,1.31,1.55,-1.867,-1.763,-0.052,0.716,1.71,-1.257,-3.605,True,2
1.0,2025-12-22,7267,売り,1579.0,1528.2,1612.1,1541.0,forced_win,2.41,1.15,3.01,0.32,2.153,3.895,3.737,6.27,7.631,23.686,-2.189,True,3
1.0,2025-12-22,6146,売り,47330.0,42902.1,49294.0,47750.0,forced_loss,-0.89,-0.21,1.77,3.89,2.747,0.761,-3.064,-7.564,-5.176,-12.297,-3.34,True,4
1.0,2025-12-22,4568,売り,3300.0,3129.5,3403.4,3403.4,loss,-3.13,-1.0,0.45,4.3,-1.606,-4.909,-9.485,-12.364,-7.818,-36.182,-2.43,True,5
1.0,2025-12-22,9501,売り,667.5,408.0,705.5,650.0,forced_win,2.62,0.46,4.0,1.53,0.839,5.184,3.88,8.734,8.869,27.506,-2.705,True,6
1.0,2025-12-22,7203,売り,3479.0,2825.0,3548.9,3364.0,forced_win,3.31,1.64,3.65,0.0,3.823,8.939,9.256,8.364,9.629,40.011,3.388,False,7
1.0,2025-12-22,8053,売り,5430.0,3685.0,5539.6,5493.0,forced_loss,-1.16,-0.57,0.53,1.68,-1.492,-0.11,-1.934,-0.166,-3.02,-6.722,7.85,False,8
1.0,2025-12-23,8766,売り,5855.0,5534.3,5986.3,5817.0,forced_win,0.65,0.29,1.45,0.65,1.315,2.699,2.955,1.623,1.093,9.684,-5.56,True,1
1.0,2025-12-23,7267,売り,1568.0,1528.2,1601.4,1528.2,win,2.54,1.19,2.87,0.03,1.818,1.658,4.209,5.58,6.888,20.153,-2.052,True,2
1.0,2025-12-23,9501,売り,660.5,408.0,697.2,657.3,forced_win,0.48,0.09,2.98,2.3,2.059,0.742,5.647,5.783,0.076,14.307,-3.743,True,3
1.0,2025-12-23,6861,売り,57280.0,55569.6,58547.9,56680.0,forced_win,1.05,0.47,1.27,1.59,-1.868,-0.157,0.611,1.606,2.706,2.898,-3.518,True,4
1.0,2025-12-23,4568,売り,3337.0,3129.5,3438.4,3438.4,loss,-3.04,-1.0,0.06,3.15,-1.528,-6.053,-8.9,-4.405,-1.319,-22.206,-2.571,True,5
1.0,2025-12-23,7203,売り,3418.0,2840.1,3488.0,3356.0,forced_win,1.81,0.89,1.93,0.06,3.745,4.067,3.16,4.447,4.623,20.041,3.479,False,6
1.0,2025-12-23,8053,売り,5454.0,3693.3,5559.6,5412.0,forced_win,0.77,0.4,0.97,1.23,1.21,-0.605,1.155,-1.687,1.063,1.137,7.9,False,7
1.0,2025-12-23,8031,売り,4598.0,2933.3,4687.4,4687.4,loss,-1.94,-1.0,1.46,2.26,2.458,2.479,1.936,-3.436,-3.893,-0.457,8.444,False,8
1.0,2025-12-24,6146,売り,47400.0,42902.1,49329.4,49329.4,loss,-4.07,-1.0,0.21,8.06,-2.616,-7.11,-4.726,-3.987,-19.937,-38.376,-3.929,True,1
1.0,2025-12-24,6594,売り,2050.0,1955.2,2124.0,2124.0,loss,-3.61,-1.0,0.24,4.63,-0.78,-3.317,-5.415,-10.098,-9.463,-29.073,-12.839,True,2
1.0,2025-12-24,6861,売り,57590.0,55569.6,58849.4,57180.0,forced_win,0.71,0.33,1.81,1.01,1.459,2.223,3.212,4.306,0.417,11.617,-3.32,True,3
1.0,2025-12-24,8766,売り,5832.0,5770.6,5961.0,5770.6,win,1.05,0.48,1.06,0.14,1.526,1.783,0.446,-0.086,-3.584,0.086,-5.508,True,4
1.0,2025-12-24,9501,売り,658.0,408.0,694.1,694.1,loss,-5.48,-1.0,2.61,9.12,-0.395,4.529,4.666,-1.064,-19.453,-11.717,-4.83,True,5
1.0,2025-12-24,9984,売り,4375.0,1844.8,4677.9,4677.9,loss,-6.92,-1.0,1.14,7.63,-0.2,-4.8,-5.394,-2.446,-16.229,-29.069,-11.627,True,6
1.0,2025-12-24,4568,売り,3390.0,3251.4,3487.8,3487.8,loss,-2.88,-1.0,1.74,4.37,-1.268,-4.071,0.354,3.392,-8.791,-10.383,-2.669,True,7
1.0,2025-12-24,4502,売り,4860.0,4466.8,4933.7,4933.7,loss,-1.52,-1.0,0.8,1.95,0.638,0.165,-2.654,-0.103,-3.436,-5.391,2.314,False,8
1.0,2025-12-24,7182,売り,2127.0,1706.9,2176.6,2176.6,loss,-2.33,-1.0,0.66,4.3,-0.423,-3.362,-10.132,-11.73,-19.441,-45.087,6.321,False,9
1.0,2025-12-24,8053,売り,5472.0,3703.5,5574.7,5574.7,loss,-1.88,-1.0,1.3,2.81,0.384,2.138,-0.694,2.047,-5.647,-1.773,8.055,False,10
1.0,2025-12-25,7012,買い,2147.0,2405.9,2060.5,2060.5,loss,-4.03,-1.0,0.51,4.8,-2.422,-7.08,-10.666,7.825,28.319,15.976,3.228,True,1
1.0,2025-12-25,8725,買い,3638.0,3828.3,3558.4,3828.3,win,5.23,2.39,6.18,0.91,-1.127,2.144,4.508,9.511,16.08,31.116,4.587,True,2
1.0,2025-12-25,6701,買い,5443.0,5748.1,5292.7,5292.7,loss,-2.76,-1.0,0.2,3.25,-2.866,-7.496,-6.816,-2.205,11.556,-7.827,8.456,True,3
1.0,2025-12-25,7003,買い,5500.0,6278.4,5181.3,5787.0,forced_win,5.22,0.9,6.0,1.49,-0.891,6.382,4.509,10.036,13.982,34.018,12.743,True,4
1.0,2025-12-25,9983,買い,56400.0,58378.7,55202.7,58378.7,win,3.51,1.65,3.56,0.32,3.457,0.816,2.11,5.993,8.44,20.816,6.559,True,5
1.0,2025-12-25,5802,買い,6574.0,7112.8,6269.2,6269.2,loss,-4.64,-1.0,0.0,5.42,-10.268,-8.929,-11.241,3.423,-2.282,-29.297,20.703,True,6
1.0,2025-12-25,6981,買い,3189.0,3399.6,3105.4,3332.0,forced_win,4.48,1.71,6.33,0.66,0.69,0.376,4.139,13.17,14.456,32.832,7.831,True,7
1.0,2025-12-25,8306,買い,2489.0,2580.6,2435.3,2580.6,win,3.68,1.71,5.52,0.62,-0.241,0.603,0.603,6.087,15.006,22.057,4.074,True,8
1.0,2025-12-25,6506,買い,4700.0,4967.5,4503.4,4967.5,win,5.69,1.36,7.45,1.49,-1.66,1.745,1.83,16.596,22.34,40.851,11.754,True,9
1.0,2025-12-25,6857,買い,19830.0,22197.9,18947.4,21555.0,forced_win,8.7,1.95,8.93,1.46,5.119,0.983,-2.37,16.314,24.433,44.478,10.58,True,10
1.0,2025-12-26,8725,買い,3630.0,3761.5,3553.8,3761.5,win,3.62,1.72,4.27,0.25,2.81,5.179,10.193,16.777,14.077,49.036,4.92,True,1
1.0,2025-12-26,7012,買い,2099.0,2405.9,2014.2,2324.0,forced_win,10.72,2.65,13.67,2.62,-0.381,-4.05,14.864,35.827,32.206,78.466,3.184,True,2
1.0,2025-12-26,9983,買い,57050.0,58378.7,55899.7,58378.7,win,2.33,1.16,2.38,1.45,-2.612,-1.332,2.507,4.926,0.754,4.242,6.504,True,3
1.0,2025-12-26,6701,買い,5339.0,5748.1,5192.5,5600.0,forced_win,4.89,1.78,7.04,1.37,-1.798,-1.105,3.596,17.625,15.115,33.433,7.925,True,4
1.0,2025-12-26,7003,買い,5499.0,6278.4,5184.4,6057.0,forced_win,10.15,1.77,11.93,0.04,6.438,4.564,10.093,14.039,26.314,61.448,11.921,True,5
1.0,2025-12-26,6857,買い,20125.0,21264.7,19270.1,21264.7,win,5.66,1.33,5.69,2.91,-3.429,-6.733,11.677,19.677,11.578,32.77,10.023,True,6
1.0,2025-12-26,5802,買い,6326.0,7112.8,6033.9,6647.0,forced_win,5.07,1.1,8.06,1.6,2.482,0.079,15.318,9.39,16.44,43.709,20.418,True,7
1.0,2025-12-26,8306,買い,2486.0,2580.6,2434.8,2580.6,win,3.8,1.85,5.65,0.5,0.965,0.965,6.456,15.386,16.794,40.567,4.179,True,8
1.0,2025-12-26,6981,買い,3190.0,3399.6,3110.1,3341.0,forced_win,4.73,1.89,6.3,0.69,0.282,4.044,13.072,14.357,13.386,45.141,7.681,True,9
1.0,2025-12-26,5803,買い,2902.5,3275.2,2750.4,3040.8,forced_win,4.77,0.91,7.38,0.55,4.823,2.354,14.241,17.772,15.274,54.465,3.363,True,10
1.0,2025-12-29,8725,買い,3691.0,3761.5,3617.2,3761.5,win,1.91,0.95,2.55,0.24,0.135,5.066,11.542,8.886,10.756,36.386,5.128,True,1
1.0,2025-12-29,2914,買い,5680.0,5864.6,5612.1,5612.1,loss,-1.2,-1.0,0.32,1.48,-1.092,-2.5,-2.817,-3.891,1.673,-8.627,9.135,True,2
1.0,2025-12-29,7012,買い,2063.0,2269.4,1980.8,2269.4,win,10.01,2.51,15.66,0.92,1.115,20.359,41.687,38.003,44.935,146.098,3.103,True,3
1.0,2025-12-29,5706,買い,17400.0,19353.4,16463.9,19353.4,win,11.23,2.09,18.07,1.01,3.247,18.707,26.897,39.511,45.431,133.793,16.092,True,4
1.0,2025-12-29,8306,買い,2488.5,2580.6,2439.5,2580.6,win,3.7,1.88,5.55,0.26,0.663,6.148,15.069,16.476,13.442,51.798,4.219,True,5
1.0,2025-12-29,6506,買い,4656.0,4967.5,4471.3,4967.5,win,6.69,1.69,8.46,0.13,4.682,19.588,25.387,21.671,17.332,88.66,12.137,True,6
1.0,2025-12-29,8411,買い,5682.0,5891.5,5564.6,5891.5,win,3.69,1.78,8.62,0.26,1.285,8.395,22.862,24.322,20.697,77.561,8.54,True,7
1.0,2025-12-29,6701,買い,5335.0,5748.1,5190.8,5642.0,forced_win,5.75,2.13,7.12,0.86,-0.881,3.824,17.863,15.351,16.457,52.615,7.206,True,8
1.0,2025-12-29,7003,買い,5610.0,6278.4,5306.6,6278.4,win,11.91,2.2,13.94,1.37,-1.462,3.957,7.825,19.857,34.92,65.098,10.747,True,9
1.0,2025-12-29,6503,買い,4587.0,4837.4,4469.9,4837.4,win,5.46,2.14,7.19,0.39,0.48,12.078,19.119,16.089,10.421,58.186,8.236,True,10
1.0,2025-12-30,6752,買い,2099.0,2154.2,2031.7,2031.7,loss,-3.21,-1.0,1.95,4.57,-1.62,1.572,-3.954,-11.22,-10.1,-25.322,9.01,True,1
1.0,2025-12-30,7012,買い,2146.0,2269.4,2064.8,2269.4,win,5.75,1.52,11.18,0.79,7.968,28.472,24.93,31.594,42.637,135.601,3.088,True,2
1.0,2025-12-30,2914,買い,5639.0,5864.6,5565.5,5777.0,forced_win,2.45,1.88,2.45,1.24,-0.337,-0.656,-1.738,3.866,5.71,6.845,8.816,True,3
1.0,2025-12-30,5802,買い,6525.0,6836.0,6232.1,6836.0,win,4.77,1.06,4.77,2.01,5.701,-0.046,6.789,-3.785,-12.352,-3.693,19.544,True,4
1.0,2025-12-30,1605,買い,3154.0,3265.7,3092.8,3092.8,loss,-1.94,-1.0,1.24,4.25,-1.332,2.315,-7.609,-9.765,-4.534,-20.926,9.032,True,5
1.0,2025-12-30,9983,買い,57400.0,58378.7,56240.3,58378.7,win,1.71,0.84,1.76,0.44,0.662,3.066,-1.08,-3.171,23.014,22.491,6.396,True,6
1.0,2025-12-30,6857,買い,20405.0,21264.7,19586.6,21264.7,win,4.21,1.05,4.24,0.61,7.4,15.29,7.302,-1.299,-3.847,24.847,8.882,True,7
1.0,2025-12-30,6701,買い,5370.0,5569.2,5228.0,5569.2,win,3.71,1.4,6.42,0.74,1.844,15.791,13.296,14.395,12.831,58.156,6.396,True,8
1.0,2025-12-30,6506,買い,4896.0,5098.0,4715.5,5098.0,win,4.13,1.12,5.02,0.61,3.922,9.436,5.903,1.777,5.964,27.002,12.413,True,9
1.0,2025-12-30,5706,買い,18170.0,19353.4,17241.1,19353.4,win,6.51,1.27,13.07,0.96,5.201,13.043,25.124,30.793,28.453,102.614,15.245,True,10
1.0,2026-01-05,7751,買い,4730.0,4810.6,4655.7,4655.7,loss,-1.57,-1.0,0.63,2.49,0.148,-3.171,-5.264,-4.165,-0.169,-12.622,3.451,True,1
1.0,2026-01-05,2914,買い,5635.0,5751.5,5562.6,5751.5,win,2.07,1.61,2.52,1.17,-0.444,-1.526,4.082,5.927,8.27,16.309,8.522,True,2
1.0,2026-01-05,6501,買い,5368.0,5103.9,5249.0,5249.0,loss,-2.22,-1.0,1.43,2.53,0.335,-3.037,-13.208,-14.922,-3.465,-34.296,5.539,True,3
1.0,2026-01-05,6752,買い,2100.0,2154.2,2034.9,2034.9,loss,-3.1,-1.0,1.9,4.62,1.429,-4.095,-11.357,-10.238,6.405,-17.857,9.212,True,4
1.0,2026-01-05,7012,買い,2292.0,2201.2,2213.2,2201.2,win,-3.96,-1.15,4.1,0.13,7.548,4.232,10.471,20.812,49.389,92.452,3.138,True,5
1.0,2026-01-05,1605,買い,3165.0,3265.7,3104.3,3104.3,loss,-1.92,-1.0,0.88,4.58,1.264,-8.626,-10.774,-5.561,-0.885,-24.581,8.639,True,6
1.0,2026-01-05,5802,買い,6643.0,6836.0,6356.2,6836.0,win,2.9,0.67,2.91,3.75,-5.374,1.34,-9.047,-17.462,-5.991,-36.535,19.092,True,7
1.0,2026-01-05,6857,買い,21345.0,21264.7,20563.3,21264.7,win,-0.38,-0.1,1.19,0.77,1.405,-6.231,-14.453,-16.889,7.73,-28.438,8.457,True,8
1.0,2026-01-05,4519,買い,8430.0,8574.8,8238.5,8238.5,loss,-2.27,-1.0,0.83,2.28,-2.954,-1.696,2.23,-0.297,1.708,-1.008,10.077,True,9
1.0,2026-01-05,5706,買い,18880.0,19353.4,17968.9,19353.4,win,2.51,0.52,8.82,1.85,1.271,12.897,18.353,16.102,28.072,76.695,14.522,True,10
1.0,2026-01-06,2914,買い,5602.0,5751.5,5529.8,5751.5,win,2.67,2.07,3.12,0.48,0.232,5.873,7.729,10.086,11.728,35.648,8.116,True,1
1.0,2026-01-06,7751,買い,4717.0,4879.7,4641.1,4641.1,loss,-1.61,-1.0,0.11,2.23,-2.353,-4.452,-3.35,0.657,4.728,-4.77,3.489,True,2
1.0,2026-01-06,1605,買い,3170.0,3265.7,3108.3,3108.3,loss,-1.95,-1.0,0.38,4.73,-9.085,-11.23,-6.025,-1.356,6.498,-21.199,8.155,True,3
1.0,2026-01-06,6752,買い,2091.0,2197.1,2024.0,2024.0,loss,-3.2,-1.0,0.17,4.21,-2.822,-10.115,-8.991,7.724,12.195,-2.009,9.298,True,4
1.0,2026-01-06,6701,買い,5600.0,5748.1,5463.3,5748.1,win,2.65,1.08,4.8,1.04,0.429,1.482,-0.018,11.232,16.054,29.179,4.938,True,5
1.0,2026-01-06,7003,買い,5740.0,6278.4,5460.2,6278.4,win,9.38,1.92,11.36,0.14,12.613,27.334,35.296,54.129,66.01,195.383,8.259,True,6
1.0,2026-01-06,6702,買い,4317.0,4579.3,4226.9,4579.3,win,6.08,2.91,7.46,0.58,2.177,5.907,2.108,13.991,20.871,45.054,5.66,True,7
1.0,2026-01-06,6981,買い,3303.0,3484.6,3227.0,3227.0,loss,-2.3,-1.0,2.03,3.51,2.664,-6.328,-10.475,-0.212,9.718,-4.632,7.107,True,8
1.0,2026-01-06,9983,買い,57890.0,59328.0,56761.4,56761.4,loss,-1.95,-1.0,0.16,2.59,-3.61,-5.683,20.28,33.685,38.072,82.743,6.019,True,9
1.0,2026-01-06,8267,買い,2417.5,2804.6,2332.8,2332.8,loss,-3.51,-1.0,0.89,10.53,-2.089,-3.971,-23.475,-26.598,-28.749,-84.881,9.816,True,10
1.0,2026-01-07,2914,買い,5700.0,5864.6,5626.1,5864.6,win,2.89,2.23,2.95,0.77,0.614,2.439,4.754,6.368,7.14,21.316,7.699,True,1
1.0,2026-01-07,5802,買い,6601.0,7112.8,6300.6,6300.6,loss,-4.55,-1.0,0.47,7.36,-7.196,-15.664,-4.121,-5.605,3.712,-28.874,18.532,True,2
1.0,2026-01-07,4519,買い,8536.0,8719.9,8332.2,8719.9,win,2.15,0.9,2.68,2.19,-1.523,-4.018,-2.038,-0.316,3.55,-4.346,9.308,True,3
1.0,2026-01-07,7003,買い,6157.0,6278.4,5884.4,6278.4,win,1.97,0.45,3.82,0.89,5.165,12.587,30.145,41.221,48.985,138.103,7.549,True,4
1.0,2026-01-07,7751,買い,4648.0,4879.7,4572.9,4879.7,win,4.99,3.08,7.29,0.77,-0.065,1.054,5.12,9.251,12.715,28.077,3.523,True,5
1.0,2026-01-07,6981,買い,3319.0,3484.6,3242.3,3242.3,loss,-2.31,-1.0,0.21,3.98,-7.743,-11.871,-1.657,8.225,6.9,-6.146,6.85,True,6
1.0,2026-01-07,1605,買い,3025.0,3353.7,2962.2,3286.0,forced_win,8.63,4.16,8.66,0.0,2.612,8.066,12.959,21.19,23.603,68.43,7.704,True,7
1.0,2026-01-07,8267,買い,2438.5,2804.6,2354.6,2354.6,loss,-3.44,-1.0,0.02,3.47,-6.52,-25.856,-28.952,-31.085,-26.533,-118.946,8.693,True,8
1.0,2026-01-07,6098,買い,9234.0,9483.1,8984.9,9483.1,win,2.7,1.0,3.56,1.7,0.682,0.866,1.689,-3.736,-1.798,-2.296,5.441,True,9
1.0,2026-01-07,4506,買い,2720.0,2727.4,2606.6,2727.4,win,0.27,0.07,8.64,0.72,12.298,15.846,13.621,15.074,15.313,72.151,14.419,True,10
1.0,2026-01-08,9983,買い,59990.0,59328.0,58819.0,59328.0,win,-1.1,-0.57,4.6,0.13,9.068,22.004,26.238,22.62,14.469,94.399,5.581,True,1
1.0,2026-01-08,7203,買い,3322.0,3491.5,3253.6,3491.5,win,5.1,2.48,9.6,0.03,4.425,24.533,25.978,34.527,33.293,122.757,4.944,True,2
1.0,2026-01-08,7751,買い,4630.0,4810.6,4554.3,4810.6,win,3.9,2.39,4.21,0.0,2.225,6.307,10.454,13.931,6.328,39.244,3.498,True,3
1.0,2026-01-08,2914,買い,5693.0,5751.5,5619.3,5751.5,win,1.03,0.79,1.48,0.14,2.81,5.129,6.745,7.518,5.112,27.314,7.274,True,4
1.0,2026-01-08,5802,買い,6345.0,7112.8,6044.0,6828.0,forced_win,7.61,1.6,8.87,3.62,-4.192,7.817,6.273,15.965,21.97,47.833,18.195,True,5
1.0,2026-01-08,7012,買い,2430.0,2542.4,2340.6,2542.4,win,4.63,1.26,12.06,1.23,2.593,29.547,37.984,41.317,44.733,156.173,4.043,True,6
1.0,2026-01-08,6701,買い,5567.0,5927.1,5421.4,5927.1,win,6.47,2.47,6.75,0.45,1.76,13.077,17.927,18.34,16.346,67.451,3.943,True,7
1.0,2026-01-08,6981,買い,3184.0,3484.6,3106.8,3484.6,win,9.44,3.89,9.45,0.82,0.345,10.992,21.294,19.912,20.446,72.99,6.64,True,8
1.0,2026-01-08,5706,買い,19845.0,21194.4,18899.1,21194.4,win,6.8,1.43,7.81,1.84,0.731,12.119,20.005,27.891,34.114,94.86,12.824,True,9
1.0,2026-01-08,6506,買い,4990.0,5547.7,4805.4,5337.0,forced_win,6.95,1.88,9.74,2.85,0.2,1.062,12.224,11.182,21.723,46.393,13.528,True,10
1.0,2026-01-09,6367,買い,19660.0,20077.9,19233.8,20077.9,win,2.13,0.98,2.14,0.79,0.534,2.543,0.712,4.145,1.857,9.791,4.865,True,1
1.0,2026-01-09,9502,買い,2223.5,2374.5,2166.3,2166.3,loss,-2.57,-1.0,0.11,2.59,-1.439,-2.901,-5.734,-7.713,-1.732,-19.519,4.873,True,2
1.0,2026-01-09,8267,買い,2199.0,2543.7,2112.7,2257.0,forced_win,2.64,0.67,3.37,3.77,0.568,-1.796,3.251,-6.639,5.139,0.523,6.521,True,3
1.0,2026-01-09,7203,買い,3500.0,3426.4,3433.0,3426.4,win,-2.1,-1.1,4.03,0.03,8.029,9.4,17.514,16.343,8.886,60.171,5.054,True,4
1.0,2026-01-09,9983,買い,65880.0,59328.0,64728.4,64728.4,loss,-1.75,-1.0,0.11,3.76,-6.785,-2.93,-6.223,-13.646,-17.547,-47.131,5.392,True,5
1.0,2026-01-09,1605,買い,3177.0,3177.8,3107.3,3177.8,win,0.03,0.01,0.13,1.64,-2.014,5.823,8.121,2.613,1.7,16.242,6.674,True,6
1.0,2026-01-09,6503,買い,4971.0,4941.9,4853.1,4941.9,win,-0.59,-0.25,1.91,0.76,2.474,8.67,6.417,7.725,5.653,30.939,9.203,True,7
1.0,2026-01-09,8316,買い,5358.0,5371.0,5251.1,5371.0,win,0.24,0.12,1.06,0.54,1.586,8.623,14.912,16.667,15.957,57.745,12.204,True,8
1.0,2026-01-09,2914,買い,5800.0,5864.6,5721.3,5864.6,win,1.11,0.82,1.17,0.67,-0.5,1.086,1.845,-0.517,-0.586,1.328,6.914,True,9
1.0,2026-01-09,8001,買い,2050.0,2062.8,2008.4,2062.8,win,0.63,0.31,1.0,0.95,-0.293,1.0,6.341,8.463,8.049,23.561,5.409,True,10
1.0,2026-01-13,6367,買い,19965.0,20077.9,19541.4,20077.9,win,0.57,0.27,0.58,1.33,-2.079,-3.882,-0.501,-2.755,-4.007,-13.223,4.65,True,1
1.0,2026-01-13,6981,買い,3307.0,3399.6,3226.4,3399.6,win,2.8,1.15,5.38,0.21,9.344,8.013,8.527,9.162,2.752,37.799,5.983,True,2
1.0,2026-01-13,6503,買い,5065.0,4941.9,4948.0,4941.9,win,-2.43,-1.05,1.64,0.34,2.942,0.731,2.014,-0.02,-3.021,2.646,9.273,True,3
1.0,2026-01-13,5802,買い,6565.0,6836.0,6267.9,6836.0,win,4.13,0.91,5.22,2.89,-3.991,5.377,11.181,6.596,3.625,22.788,16.835,True,4
1.0,2026-01-13,1605,買い,3242.0,3265.7,3171.4,3265.7,win,0.73,0.34,1.02,2.07,-0.308,1.943,-3.455,-4.349,-5.861,-12.03,6.374,True,5
1.0,2026-01-13,9502,買い,2215.0,2325.7,2158.2,2158.2,loss,-2.56,-1.0,0.27,3.34,-1.761,-4.605,-6.591,-0.587,-0.677,-14.221,4.583,True,6
1.0,2026-01-13,7203,買い,3620.0,3598.3,3549.9,3598.3,win,-0.6,-0.31,0.69,1.6,-0.856,6.989,5.856,-1.354,-5.442,5.193,5.298,True,7
1.0,2026-01-13,6857,買い,22160.0,22197.9,21338.9,22197.9,win,0.17,0.05,5.08,0.0,9.138,2.911,7.739,1.918,-7.198,14.508,6.574,True,8
1.0,2026-01-13,6501,買い,5353.0,5481.0,5205.7,5205.7,loss,-2.75,-1.0,1.27,3.08,0.71,1.326,-6.987,-9.621,-8.201,-22.772,5.092,True,9
1.0,2026-01-13,6701,買い,5860.0,5927.1,5719.8,5927.1,win,1.14,0.48,1.42,0.72,2.031,2.423,0.529,4.061,3.754,12.799,3.156,True,10
1.0,2026-01-14,8267,買い,2214.5,2369.7,2121.2,2121.2,loss,-4.21,-1.0,1.29,4.45,1.129,-8.693,3.003,18.063,19.553,33.055,4.4,True,1
1.0,2026-01-14,6367,買い,19700.0,20710.8,19271.3,19271.3,loss,-2.18,-1.0,1.98,2.51,0.102,3.528,1.244,-0.025,-2.792,2.056,4.492,True,2
1.0,2026-01-14,9502,買い,2185.0,2325.7,2130.5,2244.5,forced_win,2.72,1.09,2.72,2.01,-0.549,-2.563,3.524,3.432,6.316,10.16,4.27,True,3
1.0,2026-01-14,5802,買い,6550.0,7112.8,6251.3,6690.0,forced_win,2.14,0.47,5.47,2.24,6.076,11.893,7.298,4.321,2.718,32.305,15.954,True,4
1.0,2026-01-14,2914,買い,5810.0,5977.8,5732.1,5742.0,forced_loss,-1.17,-0.87,1.0,1.27,1.325,-1.033,-1.102,-0.74,-2.513,-4.062,6.25,True,5
1.0,2026-01-14,1605,買い,3260.0,3353.7,3190.1,3190.1,loss,-2.14,-1.0,0.83,2.33,0.276,-5.092,-5.982,-7.485,-8.742,-27.025,6.158,True,6
1.0,2026-01-14,6506,買い,5170.0,5516.1,4971.6,5176.0,forced_win,0.12,0.03,5.92,3.33,0.348,10.522,5.106,5.145,-1.702,19.42,13.706,True,7
1.0,2026-01-14,6762,買い,2026.0,2216.8,1959.6,1959.6,loss,-3.28,-1.0,3.75,4.49,0.987,7.577,-0.42,-5.726,-9.057,-6.639,-3.656,False,8
1.0,2026-01-14,7741,買い,25475.0,25840.0,24906.6,24906.6,loss,-2.23,-1.0,1.22,2.45,0.903,-1.276,-3.513,-5.397,-6.359,-15.643,3.122,True,9
1.0,2026-01-14,6098,買い,9097.0,9971.7,8831.1,8831.1,loss,-2.92,-1.0,3.08,3.87,2.693,3.155,7.035,-7.651,-18.028,-12.795,7.306,True,10
1.0,2026-01-15,8267,買い,2208.0,2369.7,2116.8,2116.8,loss,-4.13,-1.0,0.5,4.17,-7.835,3.895,18.999,20.494,5.412,40.965,3.427,True,1
1.0,2026-01-15,6367,買い,19730.0,20394.3,19304.8,19304.8,loss,-2.16,-1.0,1.82,2.66,3.066,0.786,-0.482,-3.244,0.836,0.963,4.206,True,2
1.0,2026-01-15,6098,買い,9102.0,9878.0,8841.7,8841.7,loss,-2.86,-1.0,3.02,3.92,2.988,6.867,-7.811,-18.183,-17.601,-33.74,7.432,True,3
1.0,2026-01-15,5802,買い,6720.0,7112.8,6428.0,6428.0,loss,-4.34,-1.0,2.8,4.72,4.003,-0.476,-3.378,-4.94,2.753,-2.039,15.159,True,4
1.0,2026-01-15,2914,買い,5801.0,5977.8,5725.0,5725.0,loss,-1.31,-1.0,0.5,2.28,-0.569,-0.638,-0.276,-2.051,-5.24,-8.774,6.016,True,5
1.0,2026-01-15,8001,買い,2090.0,2186.5,2048.5,2048.5,loss,-1.99,-1.0,1.89,2.54,2.56,2.153,-1.459,-5.287,-4.091,-6.124,5.959,True,6
1.0,2026-01-15,6501,買い,5285.0,5838.5,5138.2,5138.2,loss,-2.78,-1.0,0.15,3.58,-3.217,-5.885,-4.447,-6.831,-0.908,-21.287,4.988,True,7
1.0,2026-01-15,6701,買い,5870.0,6378.7,5723.1,5723.1,loss,-2.5,-1.0,2.83,3.1,0.017,3.543,3.237,-2.624,-6.014,-1.84,2.746,True,8
1.0,2026-01-15,6762,買い,2043.0,2216.8,1976.2,1976.2,loss,-3.27,-1.0,2.89,3.67,5.017,-2.912,-8.174,-11.478,-8.15,-25.698,-4.378,False,9
1.0,2026-01-16,6367,買い,19875.0,20394.3,19450.1,19450.1,loss,-2.14,-1.0,0.13,3.37,-1.409,-2.667,-5.409,-1.358,-2.491,-13.333,4.031,True,1
1.0,2026-01-16,8267,買い,2197.0,2369.7,2108.6,2369.7,win,7.86,1.95,9.08,0.77,5.416,20.596,22.098,6.941,4.552,59.604,2.66,True,2
1.0,2026-01-16,6981,買い,3400.0,3673.9,3308.7,3308.7,loss,-2.69,-1.0,1.41,2.97,0.706,-5.529,-10.088,-5.324,-4.824,-25.059,5.051,True,3
1.0,2026-01-16,6098,買い,9269.0,10029.9,9005.7,9005.7,loss,-2.84,-1.0,1.17,5.65,1.338,-13.076,-23.26,-22.689,-23.519,-81.206,7.693,True,4
1.0,2026-01-16,2914,買い,5790.0,5977.8,5715.2,5715.2,loss,-1.29,-1.0,0.69,2.09,-0.069,0.294,-1.485,-4.68,-6.77,-12.712,5.804,True,5
1.0,2026-01-16,4506,買い,2664.5,3249.9,2527.9,2527.9,loss,-5.13,-1.0,0.49,10.85,-20.736,-40.758,-45.768,-47.964,-45.543,-200.769,12.754,True,6
1.0,2026-01-16,6501,買い,5111.0,5782.0,4969.7,5299.0,forced_win,3.68,1.33,4.99,0.35,4.128,5.615,3.15,9.274,11.348,33.516,4.943,True,7
1.0,2026-01-16,6954,買い,6544.0,7414.3,6322.6,6574.0,forced_win,0.46,0.14,1.86,3.27,0.489,0.947,-2.919,1.757,1.65,1.925,16.71,True,8
1.0,2026-01-16,6506,買い,5278.0,5862.4,5066.5,5066.5,loss,-4.01,-1.0,1.59,5.31,-1.137,-1.099,-7.806,-3.486,-6.214,-19.742,13.066,True,9
1.0,2026-01-16,7741,買い,25325.0,27492.1,24697.6,24697.6,loss,-2.48,-1.0,0.12,2.9,-1.757,-3.653,-4.62,-0.731,0.217,-10.543,3.185,True,10
1.0,2026-01-19,9433,買い,2694.0,2733.6,2653.9,2653.9,loss,-1.49,-1.0,0.45,1.6,-0.111,-2.71,-3.619,-2.58,-4.77,-13.79,4.938,True,1
1.0,2026-01-19,6501,買い,5221.0,5481.0,5077.6,5107.0,forced_loss,-2.18,-0.8,2.78,2.68,-0.824,-3.237,2.758,4.788,-5.382,-1.896,4.845,True,2
1.0,2026-01-19,2914,買い,5782.0,5977.8,5707.6,5707.6,loss,-1.29,-1.0,0.83,1.95,0.709,-1.072,-4.272,-6.365,-9.581,-20.581,5.577,True,3
1.0,2026-01-19,5802,買い,6800.0,7690.0,6512.7,6512.7,loss,-4.23,-1.0,0.15,5.84,-6.868,-8.412,-0.809,-0.926,-8.515,-25.529,13.728,True,4
1.0,2026-01-19,6098,買い,8913.0,9965.0,8655.0,8655.0,loss,-2.89,-1.0,1.84,5.33,-1.616,-12.207,-11.612,-12.476,-17.895,-55.806,7.978,True,5
1.0,2026-01-19,4502,買い,5086.0,5243.9,4994.8,4994.8,loss,-1.79,-1.0,0.28,2.56,-1.298,-5.23,-3.244,0.315,-0.098,-9.556,6.803,True,6
1.0,2026-01-19,9983,買い,62800.0,65822.0,61092.0,61092.0,loss,-2.72,-1.0,0.68,3.11,-0.159,-2.675,-7.325,-9.666,-16.051,-35.876,5.686,True,7
1.0,2026-01-19,9984,買い,4022.0,4612.6,3780.4,3780.4,loss,-6.01,-1.0,0.17,7.26,-8.578,-13.078,13.65,16.037,3.655,11.686,-11.742,False,8
1.0,2026-01-19,6954,買い,6589.0,7318.1,6364.3,6364.3,loss,-3.41,-1.0,0.77,3.93,-1.108,-4.948,-0.304,-0.41,-7.786,-14.555,16.576,True,9
1.0,2026-01-19,7741,買い,24905.0,27164.8,24291.7,24830.0,forced_loss,-0.3,-0.12,2.87,1.41,1.345,0.361,4.316,5.28,-1.225,10.078,3.167,True,10
1.0,2026-01-20,9104,買い,4762.0,4952.1,4679.3,4679.3,loss,-1.74,-1.0,0.67,2.35,-0.84,0.168,-2.016,-4.998,-2.625,-10.311,3.529,True,1
1.0,2026-01-20,7751,買い,4620.0,4810.6,4529.8,4529.8,loss,-1.95,-1.0,1.93,2.75,0.541,3.701,2.359,-6.494,-7.922,-7.814,3.666,True,2
1.0,2026-01-20,6501,買い,5098.0,5481.0,4955.3,5094.0,forced_loss,-0.08,-0.03,5.26,0.45,3.923,10.063,12.142,1.726,0.412,28.266,4.757,True,3
1.0,2026-01-20,6857,買い,20950.0,24951.8,20019.4,24951.8,win,19.1,4.3,19.12,0.1,8.353,25.537,35.012,34.726,50.406,154.033,5.972,True,4
1.0,2026-01-20,5802,買い,6409.0,7599.1,6126.0,6679.0,forced_win,4.21,0.95,8.71,0.09,9.377,17.444,17.319,9.268,10.236,63.645,12.836,True,5
1.0,2026-01-20,6954,買い,6342.0,6973.2,6118.8,6342.0,forced_loss,0.0,0.0,5.11,1.43,6.544,11.369,11.258,3.595,2.476,35.241,16.229,True,6
1.0,2026-01-20,4502,買い,5015.0,5243.9,4926.2,5130.0,forced_win,2.29,1.29,2.59,1.18,-1.057,0.957,4.566,4.148,5.763,14.377,7.136,True,7
1.0,2026-01-20,9983,買い,62770.0,65822.0,61100.4,61100.4,loss,-2.66,-1.0,0.21,3.06,-2.533,-7.185,-9.527,-15.915,-17.03,-52.191,5.734,True,8
1.0,2026-01-20,7003,買い,6449.0,7788.6,6126.1,6669.0,forced_win,3.41,0.68,3.86,4.51,4.543,-0.574,-0.295,-4.605,5.381,4.45,4.396,True,9
1.0,2026-01-20,7203,買い,3506.0,3887.8,3417.7,3459.0,forced_loss,-1.34,-0.53,4.14,2.0,2.396,7.844,9.812,-1.711,-3.565,14.775,7.518,True,10
1.0,2026-01-21,9104,買い,4768.0,4952.1,4688.3,4688.3,loss,-1.67,-1.0,0.55,2.47,-0.21,-2.391,-5.369,-2.999,0.042,-10.927,3.777,True,1
1.0,2026-01-21,7751,買い,4674.0,4810.6,4587.2,4587.2,loss,-1.86,-1.0,0.75,3.87,0.193,-1.134,-9.884,-11.297,-13.329,-35.451,3.541,True,2
1.0,2026-01-21,5802,買い,6890.0,7112.8,6606.9,6606.9,loss,-4.11,-1.0,1.12,5.08,-4.717,-4.833,-12.322,-11.422,6.226,-27.068,11.996,True,3
1.0,2026-01-21,6501,買い,5317.0,5481.0,5177.6,5177.6,loss,-2.62,-1.0,0.92,4.44,-2.708,-0.715,-10.702,-11.962,-12.244,-38.33,4.65,True,4
1.0,2026-01-21,7203,買い,3630.0,3749.1,3541.3,3541.3,loss,-2.44,-1.0,0.58,4.68,-2.672,-0.771,-11.901,-13.691,-22.617,-51.653,7.795,True,5
1.0,2026-01-21,6503,買い,5023.0,5175.6,4896.7,4896.7,loss,-2.51,-1.0,0.34,3.7,-1.971,-2.469,-9.198,-10.452,-13.637,-37.726,9.733,True,6
1.0,2026-01-21,7003,買い,6608.0,7162.5,6285.8,6285.8,loss,-4.88,-1.0,0.58,6.81,-7.778,-7.506,-11.713,-1.967,-1.544,-30.508,4.491,True,7
1.0,2026-01-21,6954,買い,6600.0,6973.2,6383.6,6383.6,loss,-3.28,-1.0,1.0,3.92,-0.803,-0.909,-8.273,-9.348,-19.682,-39.015,15.889,True,8
1.0,2026-01-21,4502,買い,5053.0,5243.9,4965.1,5082.0,forced_win,0.57,0.33,1.82,1.01,-1.306,2.276,1.86,3.463,2.118,8.411,7.453,True,9
1.0,2026-01-21,9983,買い,61990.0,65822.0,60356.1,60356.1,loss,-2.64,-1.0,0.18,2.81,-3.501,-5.872,-12.341,-13.47,-18.051,-53.234,5.791,True,10
1.0,2026-01-22,9104,買い,4756.0,4879.2,4678.4,4678.4,loss,-1.63,-1.0,0.15,2.23,-1.64,-4.626,-2.25,0.799,3.743,-3.974,3.932,True,1
1.0,2026-01-22,6702,買い,4405.0,4566.0,4305.5,4305.5,loss,-2.26,-1.0,0.91,8.58,-0.272,-20.182,-22.906,-24.586,-24.472,-92.418,6.532,True,2
1.0,2026-01-22,4502,買い,5078.0,5172.6,4988.8,5153.0,forced_win,1.48,0.84,1.5,0.87,0.788,0.374,1.969,0.63,3.111,6.873,7.679,True,3
1.0,2026-01-22,4506,買い,2231.5,2782.5,2077.2,2180.5,forced_loss,-2.29,-0.33,8.63,4.01,3.832,8.178,16.446,6.005,-5.893,28.568,10.737,True,4
1.0,2026-01-22,6501,買い,5350.0,5481.0,5211.5,5211.5,loss,-2.59,-1.0,0.3,5.03,-2.561,-12.486,-13.738,-14.019,-14.299,-57.103,4.596,True,5
1.0,2026-01-22,7751,買い,4694.0,4810.6,4607.5,4607.5,loss,-1.84,-1.0,0.02,4.28,-2.407,-11.121,-12.527,-14.55,-11.717,-52.322,3.414,True,6
1.0,2026-01-22,6954,買い,6655.0,6973.2,6436.9,6436.9,loss,-3.28,-1.0,0.08,4.72,-3.381,-10.684,-11.751,-21.998,-20.962,-68.775,15.639,True,7
1.0,2026-01-22,8001,買い,2059.0,2134.0,2015.9,2015.9,loss,-2.1,-1.0,0.24,3.76,-1.603,-9.519,-11.923,-14.692,-16.124,-53.861,6.736,True,8
1.0,2026-01-22,7003,買い,6445.0,7162.5,6124.5,6962.0,forced_win,8.02,1.61,9.08,4.45,-0.109,-4.422,5.57,6.005,21.769,28.813,4.62,True,9
1.0,2026-01-22,7203,買い,3635.0,3749.1,3547.7,3547.7,loss,-2.4,-1.0,0.44,4.81,-1.183,-12.297,-14.085,-22.999,-17.634,-68.198,8.043,True,10
1.0,2026-01-23,6702,買い,4240.0,4566.0,4137.9,4137.9,loss,-2.41,-1.0,0.52,5.02,-9.292,-12.123,-13.868,-13.75,3.396,-45.637,6.353,True,1
1.0,2026-01-23,6098,買い,8492.0,9025.0,8211.2,8211.2,loss,-3.31,-1.0,1.05,4.03,-3.91,-0.883,-0.177,-10.893,-13.46,-29.322,8.667,True,2
1.0,2026-01-23,6501,買い,5175.0,5481.0,5036.7,5361.0,forced_win,3.59,1.34,3.59,2.36,-2.763,-4.058,-4.348,-4.638,6.802,-9.005,4.423,True,3
1.0,2026-01-23,6503,買い,4853.0,5175.6,4729.5,4830.0,forced_loss,-0.47,-0.19,1.05,1.88,0.989,-0.309,-3.606,-2.802,-1.731,-7.459,9.425,True,4
1.0,2026-01-23,6367,買い,19390.0,20394.3,18941.6,18941.6,loss,-2.31,-1.0,0.21,4.85,-1.031,-4.719,-11.81,-16.916,-14.002,-48.479,3.213,True,5
1.0,2026-01-23,8316,買い,5357.0,5714.1,5237.8,5472.0,forced_win,2.15,0.96,2.52,0.49,2.837,3.173,0.523,2.296,5.749,14.579,13.083,True,6
1.0,2026-01-23,9104,買い,4710.0,4879.2,4633.7,4879.2,win,3.59,2.22,6.67,1.27,-1.741,0.658,3.737,6.709,10.913,20.276,4.008,True,7
1.0,2026-01-23,6701,買い,5744.0,5927.1,5596.0,5596.0,loss,-2.58,-1.0,0.85,2.59,-4.056,-4.422,-3.569,-9.836,-22.772,-44.655,2.163,True,8
1.0,2026-01-23,7003,買い,6280.0,7162.5,5957.5,6870.0,forced_win,9.39,1.83,11.94,1.94,3.344,13.599,14.045,30.223,27.723,88.933,4.494,True,9
1.0,2026-01-23,9983,買い,59000.0,63257.4,57406.7,57406.7,loss,-2.7,-1.0,1.39,3.07,2.237,1.051,-3.763,-5.576,-2.763,-8.814,5.709,True,10
1.0,2026-01-26,6702,買い,4080.0,4566.0,3977.4,4373.0,forced_win,7.18,2.85,8.7,2.33,-0.833,-2.647,-2.525,15.294,21.838,31.127,6.164,True,1
1.0,2026-01-26,2914,買い,5585.0,5864.6,5512.2,5512.2,loss,-1.3,-1.0,0.13,1.34,-0.77,-3.008,-3.33,-0.949,6.303,-1.755,4.259,True,2
1.0,2026-01-26,7003,買い,6404.0,6856.5,6081.3,6856.5,win,7.07,1.4,9.78,0.75,7.527,7.964,23.829,21.377,12.82,73.517,4.432,True,3
1.0,2026-01-26,9983,買い,59520.0,63257.4,57945.5,57945.5,loss,-2.65,-1.0,0.13,2.79,-1.579,-6.351,-8.149,-5.36,2.453,-18.985,5.563,True,4
1.0,2026-01-26,6098,買い,8440.0,9025.0,8165.7,8165.7,loss,-3.25,-1.0,1.67,3.44,0.96,1.671,-9.111,-11.694,-6.919,-25.095,8.513,True,5
1.0,2026-01-26,8001,買い,1980.0,2134.0,1938.3,1938.3,loss,-2.1,-1.0,0.66,2.17,-0.429,-3.308,-4.798,-1.313,2.727,-7.121,6.6,True,6
1.0,2026-01-26,6981,買い,3191.0,3484.6,3102.5,3102.5,loss,-2.77,-1.0,1.38,3.64,1.16,-1.065,-6.236,-6.236,-12.864,-25.243,3.457,True,7
1.0,2026-01-26,6503,買い,4865.0,5175.6,4743.4,4811.0,forced_loss,-1.11,-0.44,2.45,2.12,-1.048,-4.337,-3.535,-2.467,0.041,-11.346,9.154,True,8
1.0,2026-01-26,6367,買い,19205.0,20710.8,18763.3,18763.3,loss,-2.3,-1.0,0.23,3.93,-1.875,-9.034,-14.189,-11.247,-3.098,-39.443,3.093,True,9
1.0,2026-01-26,6506,買い,4937.0,5763.0,4729.3,4769.0,forced_loss,-3.4,-0.81,5.65,3.4,7.981,5.671,3.423,-0.993,-5.165,10.918,10.171,True,10
1.0,2026-01-27,8001,買い,1943.5,2085.2,1900.6,2031.0,forced_win,4.5,2.04,4.86,1.47,2.264,0.746,4.296,8.413,12.4,28.119,6.543,True,1
1.0,2026-01-27,2914,買い,5551.0,5751.5,5477.2,5477.2,loss,-1.33,-1.0,0.27,1.8,-1.189,-1.513,0.883,8.179,10.683,17.042,3.881,True,2
1.0,2026-01-27,9983,買い,58500.0,63257.4,56930.8,62020.0,forced_win,6.02,2.24,6.94,2.24,-1.231,-3.06,-0.222,7.726,16.923,20.137,5.404,True,3
1.0,2026-01-27,5802,買い,6965.0,7112.8,6690.9,7112.8,win,2.12,0.54,3.2,0.92,2.929,-1.594,-8.198,-4.666,20.33,8.801,9.826,True,4
1.0,2026-01-27,7003,買い,6592.0,7162.5,6271.8,6840.0,forced_win,3.76,0.77,6.64,2.03,-0.819,14.593,12.212,3.899,8.343,38.228,4.667,True,5
1.0,2026-01-27,6367,買い,18905.0,20077.9,18456.3,18456.3,loss,-2.37,-1.0,0.4,2.41,-4.417,-9.654,-6.665,1.613,7.749,-11.373,2.859,True,6
1.0,2026-01-27,6503,買い,4791.0,5175.6,4668.9,5000.0,forced_win,4.36,1.71,4.36,0.61,0.23,1.044,2.129,4.675,11.0,19.077,8.939,True,7
1.0,2026-01-27,6098,買い,8510.0,8872.2,8233.1,8233.1,loss,-3.25,-1.0,0.78,4.23,-0.811,-11.504,-14.066,-9.33,-6.475,-42.186,8.32,True,8
1.0,2026-01-27,8316,買い,5400.0,5714.1,5273.8,5546.0,forced_win,2.7,1.16,2.87,2.11,-1.87,-0.111,3.315,-1.37,5.889,5.852,12.948,True,9
1.0,2026-01-27,6273,買い,62510.0,65739.3,60754.8,60754.8,loss,-2.81,-1.0,2.4,4.02,0.752,-5.423,-12.27,-10.494,2.848,-24.588,6.08,True,10
1.0,2026-01-28,8001,買い,1940.0,2036.5,1898.2,2036.5,win,4.97,2.31,5.05,1.29,1.289,4.845,8.969,12.964,16.34,44.407,6.499,True,1
1.0,2026-01-28,6981,買い,3157.0,3399.6,3063.7,3063.7,loss,-2.96,-1.0,3.14,10.63,-3.073,-3.073,-9.772,11.15,12.86,8.093,3.143,True,2
1.0,2026-01-28,7203,買い,3369.0,3670.7,3279.7,3670.7,win,8.96,3.38,11.1,0.68,4.66,11.25,16.949,20.243,29.386,82.487,7.84,True,3
1.0,2026-01-28,6752,買い,2134.0,2372.1,2057.9,2194.0,forced_win,2.81,0.79,3.21,3.14,-2.085,-1.57,-5.319,2.296,6.818,0.141,9.923,True,4
1.0,2026-01-28,8306,買い,2771.5,2931.0,2703.9,2931.0,win,5.75,2.36,6.51,1.64,-0.812,2.093,1.028,9.399,16.219,27.927,8.086,True,5
1.0,2026-01-28,4063,買い,4865.0,5755.6,4705.8,5219.0,forced_win,7.28,2.22,8.51,1.09,2.117,12.682,17.698,17.163,20.802,70.462,6.448,True,6
1.0,2026-01-28,6098,買い,8200.0,9025.0,7923.5,7923.5,loss,-3.37,-1.0,2.67,8.52,-0.598,-3.256,1.659,4.622,-18.634,-16.207,8.152,True,7
1.0,2026-01-28,5802,買い,7042.0,7112.8,6770.9,7112.8,win,1.01,0.26,1.04,3.31,-4.857,-11.389,-7.895,16.828,38.029,30.716,9.458,True,8
1.0,2026-01-28,9983,買い,57680.0,63257.4,56169.3,61740.0,forced_win,7.04,2.69,8.46,0.85,1.162,4.04,12.101,21.429,20.388,59.119,5.237,True,9
1.0,2026-01-28,6367,買い,18390.0,19761.5,17949.1,19375.0,forced_win,5.36,2.23,6.47,1.36,-1.523,1.55,10.06,16.368,16.069,42.523,2.638,True,10
1.0,2026-01-29,7012,買い,2615.0,2752.2,2500.5,2752.2,win,5.25,1.2,7.04,2.75,-4.207,3.403,9.981,17.094,16.979,43.25,9.278,True,1
1.0,2026-01-29,7011,買い,4550.0,4756.1,4402.3,4756.1,win,4.53,1.4,4.97,2.18,-2.462,-0.681,3.802,10.22,11.165,22.044,2.067,True,2
1.0,2026-01-29,8306,買い,2785.0,2851.8,2719.1,2851.8,win,2.4,1.01,2.51,1.47,0.628,-0.431,7.899,14.686,11.724,34.506,8.352,True,3
1.0,2026-01-29,8031,買い,5101.0,5188.2,4999.4,4999.4,loss,-1.99,-1.0,1.04,2.92,-2.901,-4.803,0.627,5.313,2.803,1.039,13.189,True,4
1.0,2026-01-29,6098,買い,8162.0,8872.2,7894.5,7894.5,loss,-3.28,-1.0,3.15,8.1,-1.875,3.063,6.04,-17.324,-33.926,-44.021,7.877,True,5
1.0,2026-01-29,1928,買い,3443.0,3584.0,3395.9,3584.0,win,4.09,2.99,4.12,1.1,-1.162,1.046,2.759,4.56,11.153,18.356,3.154,True,6
1.0,2026-01-29,6981,買い,3086.0,3399.6,2993.9,2993.9,loss,-2.98,-1.0,5.51,8.57,3.759,-3.095,18.308,20.058,18.308,57.34,3.059,True,7
1.0,2026-01-29,8001,買い,1977.0,2036.5,1935.6,2036.5,win,3.01,1.44,3.09,0.91,-0.86,3.187,7.107,10.42,11.153,31.007,6.512,True,8
1.0,2026-01-29,6752,買い,2134.5,2372.1,2058.7,2372.1,win,11.13,3.13,18.48,3.16,-1.64,-5.388,2.225,6.746,40.103,42.047,9.954,True,9
1.0,2026-01-29,6501,買い,5277.0,5335.3,5141.6,5335.3,win,1.11,0.43,1.59,2.31,0.872,4.207,5.799,-5.42,-6.898,-1.44,4.13,True,10
1.0,2026-01-30,4063,買い,5222.0,5522.0,5031.5,5104.0,forced_loss,-2.26,-0.62,1.67,3.04,-4.021,-4.519,-1.13,0.019,-6.128,-15.779,6.787,True,1
1.0,2026-01-30,7011,買い,4589.0,4756.1,4437.5,4756.1,win,3.64,1.1,4.07,2.7,-3.225,1.22,7.583,8.52,9.85,23.949,2.533,True,2
1.0,2026-01-30,6981,買い,3242.0,3314.5,3148.5,3148.5,loss,-2.88,-1.0,0.43,12.97,-17.381,2.992,4.658,2.992,-3.732,-10.472,2.86,True,3
1.0,2026-01-30,8001,買い,2027.0,2036.5,1984.7,1984.7,loss,-2.09,-1.0,0.54,2.57,-4.292,-0.469,2.763,3.478,2.96,4.44,6.479,True,4
1.0,2026-01-30,6954,買い,6177.0,6571.0,5953.7,6571.0,win,6.38,1.76,8.68,2.43,-3.626,8.807,21.143,20.479,14.991,61.794,14.26,True,5
1.0,2026-01-30,1928,買い,3473.0,3506.3,3420.7,3506.3,win,0.96,0.64,1.64,1.07,-1.555,0.144,1.929,8.465,11.028,20.012,3.109,True,6
1.0,2026-01-30,6501,買い,5361.0,5335.3,5228.7,5335.3,win,-0.48,-0.19,2.42,1.64,-0.56,1.007,-10.035,-11.49,-2.462,-23.54,4.094,True,7
1.0,2026-01-30,6506,買い,4902.0,5371.5,4689.8,5213.0,forced_win,6.34,1.47,7.85,2.71,-3.06,13.709,15.871,18.258,13.607,58.384,10.005,True,8
1.0,2026-01-30,7012,買い,2629.0,2928.3,2515.6,2928.3,win,11.38,2.64,11.45,1.48,1.788,8.33,15.405,15.291,26.17,66.984,9.626,True,9
1.0,2026-01-30,6503,買い,4900.0,5024.8,4780.0,5024.8,win,2.55,1.04,9.86,2.0,-2.102,4.082,23.49,26.857,32.041,84.367,8.735,True,10
1.0,2026-02-02,7011,買い,4575.0,4756.1,4426.0,4756.1,win,3.96,1.22,4.39,1.27,2.142,8.525,9.464,10.798,26.667,57.596,3.042,True,1
1.0,2026-02-02,6981,買い,3179.0,3314.5,3087.3,3314.5,win,4.26,1.48,5.28,0.66,8.997,10.695,8.997,2.139,12.803,43.63,2.666,True,2
1.0,2026-02-02,8035,買い,40580.0,43977.1,38988.4,40600.0,forced_win,0.05,0.01,4.31,2.71,4.411,-0.246,-3.82,1.134,3.696,5.175,14.009,True,3
1.0,2026-02-02,8001,買い,2021.0,2036.5,1979.9,2036.5,win,0.77,0.38,0.79,0.87,0.421,3.662,4.379,3.859,9.698,22.019,6.478,True,4
1.0,2026-02-02,6506,買い,4979.0,5371.5,4769.0,5371.5,win,7.88,1.87,10.4,0.64,8.857,10.986,13.336,8.757,20.044,61.98,9.897,True,5
1.0,2026-02-02,6503,買い,4922.0,5024.8,4804.6,5024.8,win,2.09,0.88,9.37,0.45,2.722,22.044,25.396,30.557,54.145,134.864,8.632,True,6
1.0,2026-02-02,1928,買い,3448.0,3584.0,3396.5,3584.0,win,3.94,2.64,3.97,0.12,2.32,4.118,10.702,13.283,17.14,47.564,3.07,True,7
1.0,2026-02-02,6098,買い,8270.0,8566.8,8010.1,8010.1,loss,-3.14,-1.0,1.8,9.3,2.044,-21.016,-37.4,-47.062,-41.197,-144.631,7.076,True,8
1.0,2026-02-02,7012,買い,2674.0,2752.2,2563.4,2752.2,win,2.92,0.71,4.67,2.09,3.141,10.097,9.985,20.681,67.539,111.444,9.858,True,9
1.0,2026-02-02,7203,買い,3621.0,3670.7,3528.2,3670.7,win,1.37,0.54,3.37,1.33,-2.044,6.462,9.666,9.583,16.432,40.099,7.336,True,10
1.0,2026-02-03,6098,買い,8051.0,8872.2,7790.4,7790.4,loss,-3.24,-1.0,0.24,6.83,-13.427,-30.257,-40.181,-34.157,-24.096,-142.119,6.648,True,1
1.0,2026-02-03,5706,買い,21105.0,21868.4,19992.0,21868.4,win,3.62,0.69,4.71,0.4,8.624,2.416,-3.198,20.682,32.836,61.36,13.456,True,2
1.0,2026-02-03,8001,買い,2044.0,2085.2,2001.1,2001.1,loss,-2.1,-1.0,2.01,2.1,0.245,0.954,0.44,6.213,10.69,18.542,6.477,True,3
1.0,2026-02-03,6503,買い,5150.0,5024.8,5028.0,5024.8,win,-2.43,-1.03,4.52,1.26,7.786,10.99,15.922,38.466,39.146,112.311,8.548,True,4
1.0,2026-02-03,4063,買い,5130.0,5522.0,4936.6,5449.0,forced_win,6.22,1.65,6.88,0.92,4.23,5.4,-0.858,7.505,17.388,33.665,7.201,True,5
1.0,2026-02-03,6981,買い,3260.0,3314.5,3143.8,3314.5,win,1.67,0.47,2.02,0.95,2.975,1.319,-5.368,5.031,4.448,8.405,2.444,True,6
1.0,2026-02-03,8031,買い,5117.0,5188.2,5004.6,5188.2,win,1.39,0.63,2.97,0.82,4.358,1.857,0.762,14.208,19.797,40.981,13.125,True,7
1.0,2026-02-03,8306,買い,2884.0,2851.8,2815.8,2851.8,win,-1.12,-0.47,2.36,0.75,3.883,1.023,1.872,10.68,14.997,32.455,8.971,True,8
1.0,2026-02-03,6861,買い,56680.0,57966.2,55344.3,55344.3,loss,-2.36,-1.0,0.0,3.76,-7.516,-20.007,-17.908,-8.38,-2.1,-55.91,2.136,True,9
1.0,2026-02-03,9983,買い,61400.0,63257.4,59911.0,63257.4,win,3.03,1.25,4.02,0.7,0.977,9.007,8.013,31.319,34.902,84.218,4.69,True,10
1.0,2026-02-04,6098,買い,7450.0,8872.2,7193.5,7193.5,loss,-3.44,-1.0,0.23,4.7,-8.497,-19.221,-12.711,-1.839,-20.268,-62.537,6.249,True,1
1.0,2026-02-04,4063,買い,5222.0,5522.0,5035.8,5522.0,win,5.74,1.61,9.94,2.66,0.019,-6.128,2.087,11.796,22.961,30.735,7.353,True,2
1.0,2026-02-04,8001,買い,2084.0,2134.0,2040.1,2040.1,loss,-2.11,-1.0,0.05,2.45,-4.822,-5.326,0.336,4.726,17.418,12.332,6.517,True,3
1.0,2026-02-04,6702,買い,3981.0,4674.5,3855.3,3855.3,loss,-3.16,-1.0,0.63,3.42,-2.336,-5.777,1.507,10.098,1.206,4.697,4.741,True,4
1.0,2026-02-04,6861,買い,51550.0,60362.8,50206.8,56960.0,forced_win,10.49,4.03,13.17,0.0,7.856,10.165,20.64,27.546,33.773,99.981,2.181,True,5
1.0,2026-02-04,7203,買い,3800.0,3749.1,3705.6,3705.6,loss,-2.48,-1.0,0.34,2.79,-4.921,-5.0,1.526,-6.316,-9.421,-24.132,7.215,True,6
1.0,2026-02-04,6501,買い,5080.0,5822.6,4932.8,5822.6,win,14.62,5.04,15.0,0.14,4.469,13.996,40.315,41.319,31.398,131.496,4.203,True,7
1.0,2026-02-04,7751,買い,4900.0,5018.1,4805.7,5018.1,win,2.41,1.25,2.71,1.29,-0.143,-1.959,3.041,1.816,1.061,3.816,2.017,True,8
1.0,2026-02-04,4519,買い,9152.0,9569.5,8905.8,8905.8,loss,-2.69,-1.0,3.16,5.94,1.016,-14.642,1.552,-2.797,2.295,-12.576,5.676,True,9
1.0,2026-02-05,4063,買い,5122.0,5522.0,4936.9,5522.0,win,7.81,2.16,12.09,0.76,-0.39,7.985,17.884,29.266,26.337,81.082,7.52,True,1
1.0,2026-02-05,8035,買い,40160.0,43977.1,38520.9,41990.0,forced_win,4.56,1.12,6.27,0.85,4.283,6.873,10.309,9.861,12.948,44.273,15.023,True,2
1.0,2026-02-05,7003,買い,6597.0,7905.2,6270.3,7292.0,forced_win,10.54,2.13,15.96,1.88,6.018,22.556,25.421,30.635,29.089,113.718,7.056,True,3
1.0,2026-02-05,9983,買い,63000.0,64539.7,61477.6,64539.7,win,2.44,1.01,9.49,1.4,0.19,22.905,26.397,27.857,24.841,102.19,4.966,True,4
1.0,2026-02-05,8001,買い,2038.5,2134.0,1994.8,2134.0,win,4.68,2.18,4.98,1.84,1.251,7.039,11.528,24.503,28.379,72.701,6.538,True,5
1.0,2026-02-05,8053,買い,5900.0,6678.0,5723.3,6678.0,win,13.19,4.4,14.49,0.36,8.085,20.559,29.373,39.831,38.542,136.39,14.307,True,6
1.0,2026-02-05,6981,買い,3204.0,3695.4,3079.5,3259.0,forced_win,1.72,0.44,6.49,1.69,-0.218,10.362,9.769,8.926,5.4,34.238,2.37,True,7
1.0,2026-02-05,4519,買い,8850.0,9428.3,8607.9,9428.3,win,6.53,2.39,6.89,2.73,-4.904,11.842,7.345,12.61,12.542,39.435,5.563,True,8
1.0,2026-02-05,6146,買い,63870.0,77397.9,60784.0,73060.0,forced_win,14.39,2.98,20.39,0.56,7.5,35.322,52.356,46.469,43.463,185.11,15.305,True,9
1.0,2026-02-05,7012,買い,2726.0,3121.0,2613.0,3121.0,win,14.49,3.5,26.78,0.4,14.563,60.528,92.223,96.075,88.261,351.651,11.138,True,10
1.0,2026-02-06,6501,買い,5667.0,5481.0,5506.4,5481.0,win,-3.28,-1.16,3.09,0.69,5.064,5.964,-2.929,-19.816,-29.592,-41.309,4.084,True,1
1.0,2026-02-06,8035,買い,41580.0,42579.2,39969.4,42579.2,win,2.4,0.62,2.65,3.05,-3.608,-0.289,-0.722,2.261,-1.251,-3.608,15.192,True,2
1.0,2026-02-06,4063,買い,5217.0,5522.0,5035.9,5522.0,win,5.85,1.68,10.04,0.5,2.377,12.095,23.27,20.395,20.318,78.455,7.698,True,3
1.0,2026-02-06,6702,買い,4000.0,4240.6,3851.4,3851.4,loss,-3.72,-1.0,4.25,4.9,0.075,8.625,-0.225,-9.9,-15.725,-17.15,4.105,True,4
1.0,2026-02-06,8001,買い,2117.0,2134.0,2072.7,2072.7,loss,-2.09,-1.0,0.5,2.5,-4.346,-0.024,12.47,16.202,6.424,30.727,6.525,True,5
1.0,2026-02-06,6981,買い,3392.0,3484.6,3269.6,3269.6,loss,-3.61,-1.0,0.59,3.8,-6.84,-7.4,-8.196,-11.527,-9.404,-43.367,2.263,True,6
1.0,2026-02-06,7012,買い,3100.0,2928.3,2981.9,2981.9,loss,-3.81,-1.0,11.48,3.84,17.032,44.903,48.29,41.419,44.194,195.839,11.712,True,7
1.0,2026-02-06,6954,買い,6925.0,6973.2,6690.0,6690.0,loss,-3.39,-1.0,0.22,3.78,-5.56,-6.931,-7.061,-20.245,-12.838,-52.635,13.357,True,8
1.0,2026-02-06,8306,買い,3050.0,3010.2,2974.1,2974.1,loss,-2.49,-1.0,0.0,3.2,-6.23,-2.148,0.984,-3.574,-10.885,-21.852,9.878,True,9
1.0,2026-02-06,4506,買い,2295.5,2782.5,2143.4,2782.5,win,21.21,3.2,29.41,2.13,-3.812,5.968,14.311,19.342,71.509,107.319,6.72,True,10
1.0,2026-02-09,6857,買い,27580.0,26835.6,26246.5,26835.6,win,-2.7,-0.56,2.68,1.0,2.03,-4.242,-7.741,-4.315,-8.122,-22.389,10.625,True,1
1.0,2026-02-09,6098,買い,7571.0,8108.7,7261.7,7261.7,loss,-4.09,-1.0,0.04,10.12,-6.604,-24.739,-53.269,-50.416,-57.747,-192.775,3.877,True,2
1.0,2026-02-09,4063,買い,5354.0,5522.0,5178.9,5522.0,win,3.14,0.96,7.23,0.07,4.109,14.998,12.196,12.122,4.408,47.833,7.82,True,3
1.0,2026-02-09,5706,買い,23500.0,22875.1,22338.3,22875.1,win,-2.66,-0.54,1.23,2.02,-1.085,28.255,35.553,67.043,55.106,184.872,13.917,True,4
1.0,2026-02-09,6981,買い,3306.0,3484.6,3182.7,3484.6,win,5.4,1.45,8.44,2.6,0.212,-0.605,-4.023,-1.845,12.523,6.261,2.112,True,5
1.0,2026-02-09,7003,買い,7300.0,7839.9,6968.4,6968.4,loss,-4.54,-1.0,4.64,7.96,-5.918,-1.205,-2.603,6.397,-4.11,-7.438,7.608,True,6
1.0,2026-02-09,6702,買い,4075.0,4240.6,3929.1,3929.1,loss,-3.58,-1.0,2.33,3.61,2.945,-5.742,-15.239,-20.957,-26.258,-65.252,3.751,True,7
1.0,2026-02-09,8035,買い,41730.0,43977.1,40125.2,42150.0,forced_win,1.01,0.26,2.61,2.4,-1.366,-1.797,1.174,-2.324,3.283,-1.03,15.496,True,8
1.0,2026-02-09,6954,買い,6786.0,6973.2,6540.8,6540.8,loss,-3.61,-1.0,1.09,6.31,-0.928,-1.061,-14.515,-6.955,-11.936,-35.396,13.158,True,9
1.0,2026-02-09,6146,買い,72910.0,70670.6,69723.5,70670.6,win,-3.07,-0.7,5.46,0.16,8.668,3.511,0.878,-1.138,-5.034,6.885,17.191,True,10
1.0,2026-02-10,6702,買い,4056.0,4240.6,3912.3,3912.3,loss,-3.54,-1.0,0.49,6.21,-4.364,-13.905,-19.65,-24.975,-27.712,-90.607,3.343,True,1
1.0,2026-02-10,8035,買い,41900.0,43977.1,40265.5,43390.0,forced_win,3.56,0.91,4.82,2.79,-3.007,-0.048,-3.532,2.053,9.523,4.988,15.75,True,2
1.0,2026-02-10,6098,買い,7060.0,8108.7,6759.5,6759.5,loss,-4.26,-1.0,2.41,13.31,-4.816,-35.411,-32.351,-40.212,-34.632,-147.422,3.102,True,3
1.0,2026-02-10,8001,買い,2155.0,2210.1,2107.5,2210.1,win,2.56,1.16,3.62,0.28,6.961,10.626,1.021,-1.392,5.035,22.251,6.243,True,4
1.0,2026-02-10,6954,買い,6802.0,7490.1,6548.0,6548.0,loss,-3.73,-1.0,0.85,6.53,-1.764,-15.187,-7.645,-12.614,-16.716,-53.925,13.008,True,5
1.0,2026-02-10,8306,買い,3027.0,3204.5,2944.7,2944.7,loss,-2.72,-1.0,1.98,4.0,3.271,-1.321,-8.688,-12.62,-7.747,-27.106,10.533,True,6
1.0,2026-02-10,8053,買い,6591.0,6901.7,6401.4,6560.0,forced_loss,-0.47,-0.16,2.49,1.64,4.203,3.05,-2.003,-0.425,-0.319,4.506,14.437,True,7
1.0,2026-02-10,7203,買い,3682.0,4076.3,3566.2,3730.0,forced_win,1.3,0.41,2.85,1.41,-0.109,6.274,0.978,1.575,4.671,13.389,7.577,True,8
1.0,2026-02-10,5803,買い,3895.8,4306.3,3680.1,3680.1,loss,-5.54,-1.0,0.26,7.14,-5.925,-15.636,-22.353,-25.476,-17.412,-86.802,2.262,True,9
1.0,2026-02-10,7974,買い,8930.0,10108.1,8548.2,8548.2,loss,-4.28,-1.0,0.13,6.49,-7.212,-15.913,-12.744,-16.876,-12.172,-64.916,-14.048,False,10
1.0,2026-02-12,6702,買い,3932.0,4349.1,3787.5,3787.5,loss,-3.67,-1.0,1.02,5.11,-4.883,-10.809,-16.302,-19.125,-17.701,-68.82,3.058,True,1
1.0,2026-02-12,8035,買い,41270.0,43977.1,39625.8,43977.1,win,6.56,1.65,10.13,0.63,4.531,0.993,6.663,14.248,25.951,52.387,15.827,True,2
1.0,2026-02-12,6098,買い,6305.0,8108.7,5995.9,6337.0,forced_win,0.51,0.1,2.39,4.2,-3.727,-0.301,-9.104,-2.855,1.602,-14.385,2.373,True,3
1.0,2026-02-12,4519,買い,9101.0,9990.7,8778.1,9595.0,forced_win,5.43,1.53,5.78,0.69,3.923,5.472,2.648,7.867,13.801,33.711,5.385,True,4
1.0,2026-02-12,7203,買い,3760.0,4051.9,3647.4,3774.0,forced_win,0.37,0.12,0.72,2.77,-0.08,-5.266,-4.681,-1.649,-0.266,-11.941,7.65,True,5
1.0,2026-02-12,6954,買い,6514.0,7543.9,6266.0,6499.0,forced_loss,-0.23,-0.06,2.82,2.49,-2.594,5.281,0.092,-4.191,-2.349,-3.761,12.814,True,6
1.0,2026-02-12,7003,買い,6963.0,8249.6,6583.1,7767.0,forced_win,11.55,2.12,14.52,0.96,11.791,21.226,10.211,20.02,33.089,96.338,8.532,True,7
1.0,2026-02-12,8306,買い,3015.0,3284.6,2931.5,2931.5,loss,-2.77,-1.0,1.0,3.62,-0.133,-7.529,-11.476,-6.584,-2.388,-28.109,10.89,True,8
1.0,2026-02-12,6857,買い,26310.0,32057.3,24849.2,25995.0,forced_loss,-1.2,-0.22,5.87,2.49,6.366,9.958,5.967,6.005,2.185,30.483,11.876,True,9
1.0,2026-02-12,6501,買い,5375.0,6259.7,5171.8,5171.8,loss,-3.78,-1.0,1.58,5.86,-4.595,-14.902,-24.781,-25.767,-19.46,-89.507,4.749,True,10
1.0,2026-02-13,8035,買い,41780.0,43977.1,40133.3,43977.1,win,5.26,1.33,8.78,1.84,-2.681,2.92,10.412,21.972,13.954,46.577,15.811,True,1
1.0,2026-02-13,6954,買い,6551.0,7436.4,6310.2,6421.0,forced_loss,-1.98,-0.54,2.24,3.04,3.557,-1.603,-5.862,-4.03,-5.144,-13.082,12.494,True,2
1.0,2026-02-13,6501,買い,5108.0,6188.3,4903.6,4903.6,loss,-4.0,-1.0,1.37,5.62,0.0,-10.395,-11.433,-4.796,-9.554,-36.179,4.554,True,3
1.0,2026-02-13,7203,買い,3759.0,4036.7,3648.4,3648.4,loss,-2.94,-1.0,0.72,4.1,-5.188,-4.602,-1.57,-0.186,-8.566,-20.112,7.68,True,4
1.0,2026-02-13,7003,買い,7598.0,8321.8,7201.1,7201.1,loss,-5.22,-1.0,0.75,7.05,-5.62,-15.715,-6.725,5.251,16.07,-6.739,8.883,True,5
1.0,2026-02-13,5803,買い,3647.5,4503.9,3426.8,3816.7,forced_win,4.64,0.77,5.85,4.46,-3.45,-6.785,1.828,13.914,13.594,19.1,3.332,True,6
1.0,2026-02-13,7011,買い,5095.0,5526.8,4917.7,4917.7,loss,-3.48,-1.0,0.77,6.58,-4.907,-14.661,-9.205,-9.794,-8.342,-46.909,7.814,True,7
1.0,2026-02-13,4519,買い,9300.0,10161.2,8979.6,9930.0,forced_win,6.77,1.97,7.04,1.82,-1.065,-3.828,1.28,7.086,17.613,21.086,5.473,True,8
1.0,2026-02-13,8306,買い,3000.0,3334.7,2916.8,2916.8,loss,-2.77,-1.0,0.03,3.13,-6.067,-10.033,-5.117,-0.9,-5.067,-27.183,11.159,True,9
1.0,2026-02-16,6861,買い,57680.0,58765.1,56079.7,58765.1,win,1.88,0.68,4.75,0.64,1.578,3.623,10.038,19.383,30.531,65.153,2.01,True,1
1.0,2026-02-16,8035,買い,41950.0,46935.1,40301.6,44380.0,forced_win,5.79,1.47,8.34,0.86,1.692,9.154,20.667,12.682,14.97,59.166,15.752,True,2
1.0,2026-02-16,7013,買い,4085.0,4506.1,3885.0,4133.0,forced_win,1.18,0.24,9.4,4.36,-8.274,-2.717,2.766,18.14,9.645,19.559,15.408,True,3
1.0,2026-02-16,8766,買い,6271.0,6597.6,6148.5,6340.0,forced_win,1.1,0.56,3.89,1.05,-0.973,8.404,8.005,6.857,4.337,26.631,2.061,True,4
1.0,2026-02-16,8306,買い,2911.0,3254.6,2827.1,2888.0,forced_loss,-0.79,-0.27,3.37,1.19,-1.168,3.899,8.245,3.951,-1.769,13.157,11.34,True,5
1.0,2026-02-16,6857,買い,27140.0,31456.4,25697.9,25697.9,loss,-5.31,-1.0,2.63,5.47,-3.39,-3.353,-7.056,-16.083,-9.469,-39.352,12.724,True,6
1.0,2026-02-16,6146,買い,72200.0,83289.0,68790.3,75620.0,forced_win,4.74,1.0,5.93,2.48,-2.133,-1.773,9.404,6.981,12.742,25.222,21.067,True,7
1.0,2026-02-16,2914,買い,6009.0,6385.2,5909.6,5909.6,loss,-1.65,-1.0,0.0,2.41,-4.377,-3.212,-1.831,-4.21,-2.729,-16.359,2.133,True,8
1.0,2026-02-16,7203,買い,3682.0,4099.6,3573.5,3656.0,forced_loss,-0.71,-0.24,2.82,2.09,1.575,4.671,6.084,-2.471,-2.363,7.496,7.918,True,9
1.0,2026-02-16,8316,買い,5804.0,6554.6,5639.8,5808.0,forced_win,0.07,0.02,5.6,1.52,-1.844,3.963,13.973,9.269,1.241,26.602,12.705,True,10
1.0,2026-02-17,6501,買い,4947.0,5522.5,4735.8,4880.0,forced_loss,-1.35,-0.32,3.23,4.0,-2.042,4.811,-0.101,-5.498,-1.233,-4.063,4.126,True,1
1.0,2026-02-17,8035,買い,42580.0,43977.1,40979.4,43977.1,win,3.28,0.87,6.74,0.47,4.58,15.923,8.055,10.31,23.156,62.024,15.779,True,2
1.0,2026-02-17,5713,買い,9210.0,10794.5,8578.1,10794.5,win,17.2,2.51,18.02,0.11,12.248,21.868,23.04,47.34,72.476,176.971,32.981,True,3
1.0,2026-02-17,2914,買い,5905.0,6200.5,5803.9,6077.0,forced_win,2.91,1.7,2.91,0.25,2.015,3.421,0.999,2.506,6.689,15.631,2.08,True,4
1.0,2026-02-17,1605,買い,3570.0,4017.0,3432.4,3620.0,forced_win,1.4,0.36,4.99,0.25,1.737,10.532,10.196,10.28,5.042,37.787,6.338,True,5
1.0,2026-02-17,7203,買い,3758.0,3993.6,3648.8,3648.8,loss,-2.91,-1.0,0.75,4.07,-1.49,-0.106,-8.489,-8.382,-3.22,-21.687,8.117,True,6
1.0,2026-02-17,5803,買い,3600.0,4219.6,3384.9,4219.6,win,17.21,2.88,18.15,1.32,5.81,18.056,17.731,43.056,62.662,147.315,4.244,True,7
1.0,2026-02-17,4063,買い,5470.0,6195.7,5277.4,5934.0,forced_win,8.48,2.41,10.04,0.22,3.419,12.925,13.455,20.512,25.539,75.85,8.76,True,8
1.0,2026-02-17,6503,買い,5556.0,5844.9,5381.3,5844.9,win,5.2,1.65,5.29,0.76,2.322,8.513,11.645,17.729,15.533,55.742,10.426,True,9
1.0,2026-02-17,7013,買い,4021.0,4506.1,3823.0,4010.0,forced_loss,-0.27,-0.06,11.14,2.61,2.014,7.585,23.203,14.573,0.323,47.7,16.139,True,10
1.0,2026-02-18,7267,買い,1580.0,1639.3,1536.9,1561.0,forced_loss,-1.2,-0.44,1.08,2.63,0.696,-5.127,-6.392,-5.759,-2.911,-19.494,2.007,True,1
1.0,2026-02-18,8306,買い,2961.0,3020.6,2877.3,2877.3,loss,-2.83,-1.0,1.62,5.13,3.04,-1.182,-6.805,-11.955,-5.15,-22.053,11.436,True,2
1.0,2026-02-18,6954,買い,6406.0,6973.2,6159.5,6973.2,win,8.85,2.3,12.0,0.61,2.669,1.53,6.275,15.673,29.785,55.932,11.497,True,3
1.0,2026-02-18,8316,買い,5978.0,6064.4,5811.1,6064.4,win,1.45,0.52,2.53,0.22,4.834,0.268,-7.528,-13.265,-5.286,-20.977,12.626,True,4
1.0,2026-02-18,7011,買い,4958.0,5129.5,4777.9,4777.9,loss,-3.63,-1.0,3.01,4.3,-1.775,-0.282,-4.256,-13.816,-2.804,-22.933,9.244,True,5
1.0,2026-02-18,6861,買い,58270.0,61161.7,56621.6,61161.7,win,4.96,1.75,7.05,0.14,6.899,16.149,27.184,43.882,39.025,133.139,2.317,True,6
1.0,2026-02-18,1812,買い,6950.0,7721.1,6691.5,6867.0,forced_loss,-1.19,-0.32,2.71,2.07,2.273,5.165,-0.604,-1.396,-3.122,2.317,11.893,True,7
1.0,2026-02-18,1605,買い,3675.0,4017.0,3542.0,3685.0,forced_win,0.27,0.08,1.99,2.29,1.66,1.333,1.415,-3.673,1.034,1.769,6.578,True,8
1.0,2026-02-18,5803,買い,3783.3,4202.5,3572.5,4202.5,win,11.08,1.99,12.42,0.57,2.643,2.335,26.432,45.088,66.388,142.886,4.906,True,9
1.0,2026-02-18,8035,買い,44750.0,46917.5,43160.8,43160.8,loss,-3.55,-1.0,1.56,4.0,0.603,-6.883,-4.737,7.486,5.318,1.788,15.741,True,10
1.0,2026-02-19,6501,買い,4992.0,5357.8,4783.6,4783.6,loss,-4.17,-1.0,0.3,4.87,-2.804,-8.153,-3.926,7.171,12.44,4.728,3.472,True,1
1.0,2026-02-19,8306,買い,2979.5,3104.7,2895.1,2895.1,loss,-2.83,-1.0,0.02,3.31,-3.037,-8.626,-13.744,-6.981,-2.97,-35.358,11.309,True,2
1.0,2026-02-19,8316,買い,6045.0,6240.2,5875.9,5875.9,loss,-2.8,-1.0,0.05,4.28,-3.06,-10.769,-16.443,-8.553,-5.062,-43.888,12.463,True,3
1.0,2026-02-19,6954,買い,6494.0,6772.1,6250.9,6772.1,win,4.28,1.14,5.28,1.54,-2.556,2.125,11.395,25.316,26.209,62.488,10.965,True,4
1.0,2026-02-19,1812,買い,7048.0,7721.1,6789.9,7142.0,forced_win,1.33,0.36,1.53,3.43,0.922,-4.767,-5.548,-7.25,0.482,-16.161,11.869,True,5
1.0,2026-02-19,1605,買い,3727.0,4017.0,3599.8,3599.8,loss,-3.41,-1.0,0.56,3.65,-2.871,-2.79,-7.808,-3.166,2.764,-13.872,6.812,True,6
1.0,2026-02-19,7203,買い,3710.0,4036.1,3608.0,3608.0,loss,-2.75,-1.0,0.13,2.83,-4.717,-4.609,0.62,5.984,6.361,3.639,8.138,True,7
1.0,2026-02-19,8411,買い,7265.0,7895.4,7025.6,7025.6,loss,-3.29,-1.0,0.07,4.9,-3.386,-11.906,-22.932,-13.462,-7.997,-59.683,16.386,True,8
1.0,2026-02-19,7741,買い,27490.0,28659.5,26676.8,28659.5,win,4.25,1.44,6.13,0.47,1.401,13.532,17.77,19.225,9.04,60.968,6.114,True,9
1.0,2026-02-19,6861,買い,60690.0,61161.7,59107.2,61161.7,win,0.78,0.3,2.78,0.46,3.543,14.137,30.17,25.507,25.21,98.566,2.404,True,10
1.0,2026-02-20,6501,買い,4900.0,5357.8,4692.6,5069.0,forced_win,3.45,0.81,7.47,3.08,-2.673,1.633,12.939,18.306,10.571,40.776,3.067,True,1
1.0,2026-02-20,6954,買い,6456.0,6973.2,6219.0,6973.2,win,8.01,2.18,11.14,0.48,3.903,13.228,27.23,28.129,21.004,93.494,10.251,True,2
1.0,2026-02-20,8002,買い,5715.0,6314.3,5516.4,5925.0,forced_win,3.67,1.06,7.44,0.82,2.082,11.444,15.871,13.508,8.784,51.689,17.775,True,3
1.0,2026-02-20,7182,買い,3045.0,3172.4,2957.6,2957.6,loss,-2.87,-1.0,0.13,3.19,-0.952,-6.404,-2.299,-0.739,-13.612,-24.007,23.557,True,4
1.0,2026-02-20,7741,買い,28000.0,29990.7,27203.1,28125.0,forced_win,0.45,0.16,5.68,2.29,7.821,11.982,13.411,3.411,-0.196,36.429,6.161,True,5
1.0,2026-02-20,7011,買い,5050.0,5478.8,4874.4,4874.4,loss,-3.48,-1.0,1.13,6.04,-9.644,-19.03,-8.218,-5.267,6.099,-36.059,9.566,True,6
1.0,2026-02-20,5713,買い,10400.0,11750.9,9791.4,11750.9,win,12.99,2.22,14.42,0.87,7.596,29.856,31.01,52.788,72.933,194.183,33.166,True,7
1.0,2026-02-20,7203,買い,3676.0,4074.5,3575.8,3944.0,forced_win,7.29,2.68,7.64,1.5,-1.877,3.4,8.814,9.195,14.282,33.814,8.061,True,8
1.0,2026-02-20,8306,買い,2907.5,3256.3,2825.1,2825.1,loss,-2.84,-1.0,0.17,3.39,-1.41,-6.655,0.275,4.385,-8.616,-12.021,11.089,True,9
1.0,2026-02-20,8031,買い,5515.0,5835.6,5361.4,5835.6,win,5.81,2.09,7.76,1.09,0.816,6.89,12.257,17.099,23.01,60.073,13.471,True,10
1.0,2026-02-24,6857,買い,26765.0,27646.1,25435.1,27646.1,win,3.29,0.66,6.91,0.58,13.245,16.626,-0.037,-8.668,-9.546,11.62,14.416,True,1
1.0,2026-02-24,8002,買い,5839.0,6088.9,5646.2,6088.9,win,4.28,1.3,5.15,1.63,4.83,9.163,6.85,2.226,-0.668,22.401,17.583,True,2
1.0,2026-02-24,6501,買い,5023.0,5357.8,4824.7,4824.7,loss,-3.95,-1.0,4.84,4.7,-5.754,5.276,10.512,2.966,-9.636,3.365,2.709,True,3
1.0,2026-02-24,8316,買い,5790.0,6240.2,5613.9,5613.9,loss,-3.04,-1.0,3.58,3.37,-3.955,4.283,7.927,-4.318,-8.946,-5.009,11.992,True,4
1.0,2026-02-24,6954,買い,6700.0,6772.1,6472.3,6772.1,win,1.08,0.32,2.04,0.75,1.821,15.313,16.179,9.313,0.493,43.119,9.632,True,5
1.0,2026-02-24,1605,買い,3669.0,4017.0,3544.7,4017.0,win,9.48,2.8,14.75,2.13,-3.189,1.526,7.55,31.534,26.683,64.105,7.073,True,6
1.0,2026-02-24,8306,買い,2888.0,3104.7,2805.5,2805.5,loss,-2.86,-1.0,2.79,3.5,-4.675,2.303,6.44,-6.648,-9.384,-11.963,10.681,True,7
1.0,2026-02-24,8411,買い,6850.0,7895.4,6607.9,6607.9,loss,-3.53,-1.0,0.88,4.0,-6.146,3.898,9.693,-2.788,-11.591,-6.934,15.887,True,8
1.0,2026-02-24,8308,買い,1907.0,2180.3,1834.4,1834.4,loss,-3.81,-1.0,1.02,4.04,-7.053,-2.963,-1.311,-12.926,-16.833,-41.085,13.45,True,9
1.0,2026-02-24,7741,買い,29145.0,29891.3,28362.9,28362.9,loss,-2.68,-1.0,1.53,3.98,-0.274,1.098,-8.509,-11.975,-9.83,-29.49,6.262,True,10
1.0,2026-02-25,7203,買い,3780.0,3814.7,3678.1,3814.7,win,0.92,0.34,1.08,0.66,0.317,0.688,5.635,-4.339,-17.302,-15.0,7.54,True,1
1.0,2026-02-25,8316,買い,5834.0,6240.2,5657.9,5657.9,loss,-3.02,-1.0,2.79,4.1,1.988,5.605,-6.548,-11.142,-30.562,-40.658,11.644,True,2
1.0,2026-02-25,6501,買い,5030.0,5193.0,4827.4,5193.0,win,3.24,0.8,4.69,0.04,4.851,10.08,2.545,-10.04,-16.62,-9.185,2.441,True,3
1.0,2026-02-25,8306,買い,2880.0,3020.6,2799.1,2799.1,loss,-2.81,-1.0,3.07,3.23,3.142,7.292,-5.833,-8.576,-22.812,-26.788,10.207,True,4
1.0,2026-02-25,6954,買い,6969.0,6973.2,6741.0,6973.2,win,0.06,0.02,2.96,0.44,3.142,3.975,-2.626,-11.106,-30.837,-37.452,9.149,True,5
1.0,2026-02-25,1605,買い,3690.0,4017.0,3565.6,4017.0,win,8.86,2.63,14.09,0.98,-0.19,5.799,29.648,24.824,15.935,76.016,7.33,True,6
1.0,2026-02-25,8002,買い,6133.0,6088.9,5944.7,6088.9,win,-0.72,-0.23,0.11,3.03,-5.658,-7.859,-12.262,-15.017,-39.296,-80.091,17.415,True,7
1.0,2026-02-25,8031,買い,5750.0,5835.6,5600.4,5835.6,win,1.49,0.57,3.36,1.34,-0.504,4.139,9.809,13.861,-8.539,18.765,12.968,True,8
1.0,2026-02-25,9983,買い,68850.0,69790.1,67129.1,67129.1,loss,-2.5,-1.0,1.06,6.29,-1.845,-0.247,-3.413,-15.047,-19.405,-39.956,7.193,True,9
1.0,2026-02-25,7182,買い,3020.0,3172.4,2936.9,2936.9,loss,-2.75,-1.0,1.36,5.43,0.166,1.738,-11.242,-12.053,-26.97,-48.361,23.399,True,10
1.0,2026-02-26,8316,買い,5886.0,6064.4,5710.7,5710.7,loss,-2.98,-1.0,1.89,4.94,2.905,-9.14,-13.694,-32.943,-25.144,-78.016,11.219,True,1
1.0,2026-02-26,7013,買い,4188.0,4506.1,3974.5,4506.1,win,7.6,1.49,8.4,1.24,4.967,13.658,9.265,-20.105,-17.359,-9.575,18.424,True,2
1.0,2026-02-26,8053,買い,6450.0,6772.1,6264.8,6264.8,loss,-2.87,-1.0,3.64,10.48,6.047,3.86,-0.899,-24.372,-21.333,-36.698,13.801,True,3
1.0,2026-02-26,6501,買い,5200.0,5193.0,4996.0,5193.0,win,-0.13,-0.03,1.27,1.83,-0.058,-7.346,-19.519,-25.885,-17.365,-70.173,2.292,True,4
1.0,2026-02-26,8306,買い,2934.5,3020.6,2853.6,2853.6,loss,-2.76,-1.0,1.16,5.03,1.585,-11.297,-13.989,-27.96,-19.373,-71.034,9.741,True,5
1.0,2026-02-26,7011,買い,4900.0,5129.5,4712.5,5129.5,win,4.68,1.22,6.29,0.98,3.755,15.469,6.347,-14.959,-5.571,5.041,9.441,True,6
1.0,2026-02-26,7203,買い,3740.0,4024.7,3638.4,3638.4,loss,-2.72,-1.0,5.8,6.5,3.904,8.904,-1.176,-14.278,-16.658,-19.305,7.407,True,7
1.0,2026-02-26,1605,買い,3710.0,4017.0,3586.1,4017.0,win,8.27,2.48,13.48,0.7,4.151,27.871,23.073,14.232,31.159,100.485,7.503,True,8
1.0,2026-02-26,6954,買い,7050.0,7433.3,6817.2,6817.2,loss,-3.3,-1.0,1.5,4.28,0.482,-6.043,-14.426,-33.929,-30.752,-84.667,8.796,True,9
1.0,2026-02-26,8001,買い,2249.5,2284.1,2192.8,2284.1,win,1.54,0.61,1.64,0.91,1.645,-3.779,-10.647,-23.405,-16.537,-52.723,6.053,True,10
1.0,2026-02-27,5401,買い,635.4,670.1,614.0,614.0,loss,-3.38,-1.0,0.33,6.04,-2.817,-4.926,-13.409,-13.141,-15.911,-50.205,3.914,True,1
1.0,2026-02-27,1605,買い,4200.0,4017.0,4077.5,4077.5,loss,-2.92,-1.0,0.24,6.6,-10.381,-14.619,-22.429,-7.476,-7.714,-62.619,7.774,True,2
1.0,2026-02-27,7203,買い,3685.0,4080.6,3583.5,3583.5,loss,-2.76,-1.0,7.38,5.1,13.514,3.284,-10.014,-12.429,-14.301,-19.946,7.422,True,3
1.0,2026-02-27,6301,買い,7415.0,8222.4,7184.5,7184.5,loss,-3.11,-1.0,2.37,6.53,3.614,-3.641,-13.985,-9.643,-11.436,-35.091,20.186,True,4
1.0,2026-02-27,9983,買い,67910.0,73102.8,66185.7,66185.7,loss,-2.54,-1.0,1.58,4.99,0.692,-11.103,-15.521,-12.723,-13.606,-52.26,7.311,True,5
1.0,2026-02-27,7182,買い,2902.0,3172.4,2817.6,2817.6,loss,-2.91,-1.0,1.76,7.86,0.5,-0.345,-15.868,-5.169,-10.183,-31.065,23.174,True,6
1.0,2026-02-27,8002,買い,5792.0,6314.3,5595.8,5595.8,loss,-3.39,-1.0,3.33,10.6,4.679,1.761,-23.947,-17.576,-23.032,-58.115,17.383,True,7
1.0,2026-02-27,8766,買い,6290.0,6715.8,6143.4,6143.4,loss,-2.33,-1.0,1.38,3.07,1.367,-6.153,-12.48,-2.75,-6.773,-26.789,3.136,True,8
1.0,2026-02-27,7012,買い,3700.0,3990.6,3541.8,3541.8,loss,-4.28,-1.0,1.78,6.62,-1.811,-11.405,-38.811,-29.432,-36.919,-118.378,21.654,True,9
1.0,2026-02-27,4502,買い,5765.0,6054.1,5657.3,5657.3,loss,-1.87,-1.0,0.71,3.52,0.347,-1.683,-8.43,-5.568,-6.331,-21.665,11.436,True,10
1.0,2026-03-02,5401,買い,629.2,670.1,608.1,608.1,loss,-3.35,-1.0,1.32,5.12,-2.018,-10.585,-10.315,-13.112,-19.374,-55.404,3.654,True,1
1.0,2026-03-02,8306,買い,2808.5,3104.7,2728.3,2728.3,loss,-2.85,-1.0,1.34,7.48,-1.157,-15.756,-6.783,-7.584,-18.23,-49.51,9.234,True,2
1.0,2026-03-02,8411,買い,6638.0,7895.4,6377.2,6377.2,loss,-3.93,-1.0,1.96,9.25,-2.38,-19.66,-3.706,-7.096,-22.898,-55.74,14.456,True,3
1.0,2026-03-02,6501,買い,4941.0,5852.0,4735.2,4735.2,loss,-4.17,-1.0,0.85,5.75,-4.817,-11.516,-2.55,-8.298,-17.061,-44.242,2.247,True,4
1.0,2026-03-02,8316,買い,5685.0,6525.8,5508.7,5508.7,loss,-3.1,-1.0,1.23,10.33,-3.571,-23.5,-15.427,-16.359,-27.81,-86.667,10.863,True,5
1.0,2026-03-02,8035,買い,43550.0,49093.0,41855.7,41855.7,loss,-3.89,-1.0,1.01,7.88,-3.972,-17.29,-9.69,-13.777,-34.351,-79.082,14.412,True,6
1.0,2026-03-02,9983,買い,66750.0,74099.0,65060.3,65060.3,loss,-2.53,-1.0,0.04,3.34,-6.082,-10.577,-7.73,-8.629,-16.989,-50.007,7.461,True,7
1.0,2026-03-02,8002,買い,5962.0,6314.3,5767.1,5767.1,loss,-3.27,-1.0,0.39,3.79,-6.843,-31.818,-25.629,-30.929,-43.861,-139.081,17.449,True,8
1.0,2026-03-02,6301,買い,7501.0,8212.9,7274.4,7274.4,loss,-3.02,-1.0,0.08,3.56,-7.039,-17.264,-12.972,-14.745,-35.609,-87.628,20.894,True,9
1.0,2026-03-02,7182,買い,2926.0,3311.3,2842.6,2842.6,loss,-2.85,-1.0,0.92,8.61,-2.802,-18.199,-7.587,-12.56,-27.068,-68.216,23.241,True,10
1.0,2026-03-03,5401,買い,615.0,670.1,594.5,594.5,loss,-3.33,-1.0,1.28,6.02,-3.902,-3.626,-6.488,-12.894,-8.163,-35.073,3.259,True,1
1.0,2026-03-03,6146,買い,71650.0,80138.2,68316.1,68316.1,loss,-4.65,-1.0,3.17,5.26,-5.848,0.321,3.699,-22.652,-6.211,-30.691,25.309,True,2
1.0,2026-03-03,7741,買い,27435.0,30729.8,26566.7,26566.7,loss,-3.16,-1.0,4.48,4.01,0.401,9.24,8.693,-8.11,-0.747,9.477,8.079,True,3
1.0,2026-03-03,8035,買い,41370.0,46393.7,39699.6,39699.6,loss,-4.04,-1.0,4.64,9.11,-2.393,5.608,1.305,-20.353,-8.992,-24.825,14.1,True,4
1.0,2026-03-03,8766,買い,6097.0,6597.6,5941.3,5941.3,loss,-2.55,-1.0,3.54,5.18,-3.379,6.659,2.509,-7.118,-0.082,-1.411,3.695,True,5
1.0,2026-03-03,7735,買い,10082.5,11876.7,9586.9,9586.9,loss,-4.92,-1.0,4.22,9.72,-1.513,3.223,6.571,-19.737,-9.373,-20.828,27.465,True,6
1.0,2026-03-03,9983,買い,64670.0,72791.2,62989.6,62989.6,loss,-2.6,-1.0,2.68,4.52,-1.268,1.67,0.742,-7.886,-1.747,-8.489,7.654,True,7
1.0,2026-03-03,4502,買い,5608.0,6117.9,5500.0,5717.0,forced_win,1.94,1.01,2.12,1.77,-0.267,2.675,1.89,-0.892,4.904,8.31,11.761,True,8
1.0,2026-03-03,8002,買い,5470.0,6314.3,5270.9,5270.9,loss,-3.64,-1.0,1.65,5.34,-7.697,-0.951,-6.728,-20.823,-3.784,-39.982,17.461,True,9
1.0,2026-03-03,6861,買い,60930.0,68020.1,58928.3,58928.3,loss,-3.29,-1.0,2.94,6.34,2.544,3.217,3.463,-13.54,-4.005,-8.321,3.265,True,10
1.0,2026-03-04,8035,買い,42490.0,46393.7,40820.3,40820.3,loss,-3.93,-1.0,1.88,11.51,-2.448,-6.637,-27.724,-16.663,-13.98,-67.451,13.795,True,1
1.0,2026-03-04,6146,買い,71730.0,80138.2,68409.2,68409.2,loss,-4.63,-1.0,2.87,10.61,-0.014,3.36,-22.961,-6.538,2.286,-23.867,24.948,True,2
1.0,2026-03-04,8306,買い,2745.0,2936.6,2658.5,2658.5,loss,-3.15,-1.0,1.57,6.3,0.0,-0.82,-11.712,-2.477,-3.752,-18.761,8.626,True,3
1.0,2026-03-04,7182,買い,2875.0,3070.9,2783.6,2783.6,loss,-3.18,-1.0,0.9,4.0,-2.4,-7.461,-22.226,-14.487,-10.939,-57.513,22.938,True,4
1.0,2026-03-04,6857,買い,25800.0,28581.0,24394.0,24394.0,loss,-5.45,-1.0,2.36,14.26,-1.938,-4.05,-34.787,-20.368,-10.872,-72.016,17.022,True,5
1.0,2026-03-04,5401,買い,617.0,670.1,596.5,596.5,loss,-3.32,-1.0,0.96,3.63,-4.587,-7.439,-13.825,-9.109,-2.123,-37.083,2.914,True,6
1.0,2026-03-04,7741,買い,28235.0,30900.1,27371.6,27371.6,loss,-3.06,-1.0,1.52,6.73,0.478,-0.053,-16.38,-9.226,-4.055,-29.237,8.371,True,7
1.0,2026-03-04,8002,買い,5513.0,6088.9,5310.4,5310.4,loss,-3.68,-1.0,1.03,4.92,-3.283,-9.015,-23.0,-6.095,-2.086,-43.479,17.399,True,8
1.0,2026-03-04,8316,買い,5403.0,6064.4,5208.6,5208.6,loss,-3.6,-1.0,1.48,6.94,-0.574,-1.555,-13.604,-3.702,-2.517,-21.951,10.294,True,9
1.0,2026-03-04,6861,買い,62260.0,67074.4,60285.6,60285.6,loss,-3.17,-1.0,0.74,8.34,-3.261,-3.02,-19.659,-10.328,-2.056,-38.323,3.314,True,10
1.0,2026-03-05,9983,買い,63920.0,68304.3,62150.4,62150.4,loss,-2.77,-1.0,2.49,3.39,4.271,-4.459,1.752,0.235,2.253,4.052,7.938,True,1
1.0,2026-03-05,6503,買い,5490.0,5823.0,5286.3,5286.3,loss,-3.71,-1.0,0.8,7.52,-0.874,-16.375,-4.9,1.111,0.601,-20.437,12.237,True,2
1.0,2026-03-05,8766,買い,6157.0,6479.5,5992.7,5992.7,loss,-2.67,-1.0,0.52,6.11,-0.439,-9.972,-3.005,-4.434,-12.782,-30.632,4.003,True,3
1.0,2026-03-05,6301,買い,7073.0,7625.2,6829.1,6829.1,loss,-3.45,-1.0,1.57,8.43,2.517,-19.61,0.99,9.543,4.284,-2.276,22.559,True,4
1.0,2026-03-05,4502,買い,5560.0,5779.3,5447.6,5779.3,win,3.94,1.95,4.33,0.92,4.496,1.691,7.536,10.522,6.025,30.27,11.779,True,5
1.0,2026-03-05,4063,買い,6126.0,6375.2,5920.9,5920.9,loss,-3.35,-1.0,2.64,5.06,3.461,-9.843,-2.089,2.742,9.272,3.542,7.907,True,6
1.0,2026-03-05,6981,買い,3745.0,4121.4,3564.1,3564.1,loss,-4.83,-1.0,1.87,10.65,1.949,-24.166,-8.465,2.724,-3.204,-31.162,5.25,True,7
1.0,2026-03-05,9101,買い,5430.0,5594.2,5311.6,5594.2,win,3.02,1.39,3.85,1.44,2.652,4.696,7.569,15.838,14.678,45.433,2.31,True,8
1.0,2026-03-05,9104,買い,5951.0,6122.2,5807.2,5807.2,loss,-2.42,-1.0,0.12,2.66,-2.42,-1.26,0.706,11.78,10.939,19.745,9.503,True,9
1.0,2026-03-06,7203,買い,3299.0,3707.6,3164.4,3370.0,forced_win,2.15,0.53,8.18,0.12,6.487,15.914,20.673,15.095,8.033,66.202,7.117,True,1
1.0,2026-03-06,6954,買い,5801.0,6729.8,5513.5,6103.0,forced_win,5.21,1.05,9.74,2.78,1.879,17.359,24.927,20.565,14.187,78.917,7.306,True,2
1.0,2026-03-06,7003,買い,6279.0,7759.5,5804.8,6309.0,forced_win,0.48,0.06,7.21,5.86,-5.845,4.842,14.684,2.564,-0.159,16.085,11.573,True,3
1.0,2026-03-06,8001,買い,1971.0,2230.5,1904.7,2071.0,forced_win,5.07,1.51,8.02,0.2,6.038,16.616,18.924,11.517,12.177,65.271,6.496,True,4
1.0,2026-03-06,8035,買い,38290.0,44871.9,36500.1,38340.0,forced_win,0.13,0.03,7.6,1.8,2.142,14.416,17.394,11.779,2.011,47.741,13.14,True,5
1.0,2026-03-06,8766,買い,5783.0,6479.5,5609.7,5905.0,forced_win,2.11,0.7,6.62,0.03,8.784,16.203,14.681,5.793,4.859,50.32,4.288,True,6
1.0,2026-03-06,6503,買い,5170.0,6016.9,4959.0,5456.0,forced_win,5.53,1.36,7.83,1.8,1.18,13.366,19.749,19.207,14.758,68.259,12.443,True,7
1.0,2026-03-06,1803,買い,2982.0,3587.9,2836.9,3114.0,forced_win,4.43,0.91,9.29,1.73,3.873,16.801,21.865,14.588,12.777,69.903,13.214,True,8
1.0,2026-03-06,5713,買い,9525.0,12489.2,8701.4,9929.0,forced_win,4.24,0.49,13.39,5.11,-3.129,15.748,32.756,21.522,13.659,80.556,34.8,True,9
1.0,2026-03-06,8053,買い,5471.0,6365.6,5238.7,5572.0,forced_win,1.85,0.43,7.84,0.99,4.825,15.445,18.15,7.311,5.959,51.691,11.456,True,10
1.0,2026-03-09,7974,売り,8855.0,8352.1,9160.5,9160.5,loss,-3.45,-1.0,0.55,13.95,-5.759,-34.579,-40.034,-45.68,-44.777,-170.83,-16.508,True,1
1.0,2026-03-09,6098,売り,6724.0,6794.5,7017.3,6794.5,win,-1.05,-0.24,3.24,1.15,3.971,6.767,10.5,12.507,10.366,44.111,-13.165,True,2
1.0,2026-03-09,6758,売り,3398.0,3364.0,3525.9,3364.0,win,1.0,0.27,1.62,1.32,0.147,-5.121,-3.002,-3.031,-1.089,-12.095,-11.238,True,3
1.0,2026-03-09,9501,売り,617.0,408.0,651.6,651.6,loss,-5.61,-1.0,3.31,6.99,5.835,-2.642,-8.46,-12.577,2.204,-15.64,-5.281,True,4
1.0,2026-03-09,9984,売り,3611.0,1844.8,3866.9,3866.9,loss,-7.09,-1.0,2.22,10.5,-0.471,-23.041,-11.797,3.046,-0.222,-32.484,-2.329,True,5
1.0,2026-03-09,9104,売り,5970.0,4880.1,6122.5,6122.5,loss,-2.55,-1.0,1.94,5.19,0.251,-10.787,-9.95,-9.38,-5.494,-35.36,10.599,False,6
1.0,2026-03-10,6702,売り,3600.0,3481.3,3747.6,3522.0,forced_win,2.17,0.53,2.75,1.03,1.722,5.028,4.056,4.667,6.417,21.889,-7.37,True,1
1.0,2026-03-10,6701,売り,4452.0,4137.6,4676.2,4137.6,win,7.06,1.4,7.23,0.27,6.536,14.892,15.499,13.028,15.903,65.858,-16.799,True,2
1.0,2026-03-10,7974,売り,9862.0,8352.1,10164.5,10164.5,loss,-3.07,-1.0,2.61,3.68,-0.416,-5.313,-10.383,-9.572,-1.704,-27.388,-16.476,True,3
1.0,2026-03-10,4506,売り,1911.0,841.6,2120.3,1849.0,forced_win,3.24,0.3,7.93,3.4,-0.157,10.283,10.361,17.975,10.335,48.796,-2.619,True,4
1.0,2026-03-10,9104,売り,6050.0,4880.1,6205.1,6205.1,loss,-2.56,-1.0,0.41,3.8,-6.678,-5.851,-5.289,-1.455,-9.041,-28.314,11.06,False,5
1.0,2026-03-11,6701,売り,4188.0,4137.6,4408.3,4137.6,win,1.2,0.23,1.38,2.82,-3.08,-2.436,-5.062,-2.006,1.6,-10.984,-17.029,True,1
1.0,2026-03-11,6702,売り,3511.0,3481.3,3654.9,3481.3,win,0.85,0.21,1.17,2.02,-2.449,-3.446,-2.82,-1.025,2.193,-7.548,-7.828,True,2
1.0,2026-03-11,6098,売り,6463.0,6080.9,6770.8,6554.0,forced_loss,-1.41,-0.3,2.48,2.54,-1.191,0.897,-1.331,-3.358,-3.234,-8.216,-14.214,True,3
1.0,2026-03-11,6758,売り,3406.0,3271.7,3540.3,3271.7,win,3.94,1.0,6.05,2.14,-2.29,-2.319,-0.382,5.931,12.566,13.506,-10.576,True,4
1.0,2026-03-11,4506,売り,1851.0,841.6,2054.2,1886.5,forced_loss,-1.92,-0.17,4.94,3.13,0.891,0.972,8.833,0.945,-4.943,6.699,-3.0,True,5
1.0,2026-03-11,9984,売り,3783.0,1844.8,4047.3,3750.0,forced_win,0.87,0.12,6.71,1.4,2.379,16.548,13.428,15.887,4.282,52.524,-2.654,True,6
1.0,2026-03-11,9501,売り,615.0,408.0,650.1,650.1,loss,-5.71,-1.0,0.44,7.33,-9.463,-13.593,1.236,-1.951,-36.098,-59.87,-3.869,True,7
1.0,2026-03-11,9104,売り,6230.0,4880.1,6387.3,6387.3,loss,-2.53,-1.0,3.56,13.32,2.986,3.531,7.255,-0.112,-29.358,-15.698,11.553,False,8
1.0,2026-03-12,6758,売り,3360.0,3364.0,3491.4,3364.0,win,-0.12,-0.03,0.0,3.54,-6.458,-4.494,1.905,8.631,6.22,5.804,-10.195,True,1
1.0,2026-03-12,6702,売り,3504.0,3481.3,3645.6,3481.3,win,0.65,0.16,0.97,2.23,-4.053,-3.425,-1.627,1.598,13.213,5.708,-8.44,True,2
1.0,2026-03-12,6098,売り,6303.0,6080.9,6601.0,6601.0,loss,-4.73,-1.0,0.0,5.14,-6.695,-8.98,-11.058,-10.931,-2.205,-39.87,-14.876,True,3
1.0,2026-03-12,4506,売り,1814.0,841.6,2010.2,1854.5,forced_loss,-2.23,-0.21,3.0,6.06,-5.127,2.894,-5.154,-11.163,-9.289,-27.839,-3.282,True,4
1.0,2026-03-12,9101,売り,5646.0,5204.3,5781.3,5781.3,loss,-2.4,-1.0,0.11,2.6,-2.391,-0.691,-15.923,-26.638,-27.311,-72.954,3.539,False,5
1.0,2026-03-13,7974,売り,10430.0,8690.4,10805.0,9432.0,forced_win,9.57,2.66,11.06,0.05,7.287,14.727,17.91,18.648,29.223,87.795,-15.632,True,1
1.0,2026-03-13,6701,売り,4212.0,3958.7,4425.3,3958.7,win,6.01,1.19,7.72,2.28,-3.324,-0.285,3.3,5.342,19.753,24.786,-17.981,True,2
1.0,2026-03-13,6702,売り,3520.0,3372.8,3655.3,3372.8,win,4.18,1.09,5.65,1.76,-2.045,-0.256,2.955,14.517,21.79,36.96,-9.17,True,3
1.0,2026-03-13,6758,売り,3431.0,3364.0,3558.8,3364.0,win,1.95,0.52,3.93,0.93,1.807,8.073,14.66,12.3,19.644,56.485,-9.946,True,4
1.0,2026-03-13,6098,売り,6523.0,6080.9,6808.9,6311.0,forced_win,3.25,0.74,5.99,1.59,1.441,-0.567,-0.445,7.987,11.467,19.883,-15.63,True,5
1.0,2026-03-13,4506,売り,1835.0,841.6,2023.1,1769.5,forced_win,3.57,0.35,4.11,4.85,6.294,-1.662,-7.602,-5.749,7.166,-1.553,-3.48,True,6
1.0,2026-03-13,9101,売り,5702.0,5216.4,5837.6,5837.6,loss,-2.38,-1.0,1.54,6.77,2.262,-12.82,-23.43,-24.097,-4.998,-63.083,3.729,False,7
1.0,2026-03-13,9104,売り,6175.0,4840.7,6342.4,6342.4,loss,-2.71,-1.0,2.7,3.32,4.648,-2.785,-32.291,-44.372,-16.826,-91.628,12.482,False,8
1.0,2026-03-16,7974,売り,10175.0,8690.4,10556.0,8984.0,forced_win,11.71,3.13,13.17,0.05,7.577,10.84,11.597,22.437,31.332,83.784,-14.846,True,1
1.0,2026-03-16,6701,売り,4248.0,4137.6,4456.7,4137.6,win,2.6,0.53,3.06,0.35,2.26,5.815,7.839,22.128,16.431,54.473,-18.023,True,2
1.0,2026-03-16,6758,売り,3384.0,3364.0,3511.1,3364.0,win,0.59,0.16,2.6,0.27,4.019,10.697,8.304,15.751,13.505,52.275,-9.553,True,3
1.0,2026-03-16,6702,売り,3537.0,3481.3,3667.7,3481.3,win,1.58,0.43,1.89,0.25,1.187,4.382,15.889,23.127,17.557,62.143,-9.528,True,4
1.0,2026-03-16,6098,売り,6535.0,6080.9,6815.7,6539.0,forced_loss,-0.06,-0.01,6.17,1.09,-0.015,0.107,8.523,11.997,2.785,23.397,-15.974,True,5
1.0,2026-03-16,4568,売り,2837.0,2555.7,2924.6,2924.6,loss,-3.09,-1.0,0.04,5.15,-8.671,-11.703,-9.711,-11.332,-17.307,-58.724,-9.59,True,6
1.0,2026-03-16,1605,売り,4379.0,1993.0,4553.5,4553.5,loss,-3.99,-1.0,0.62,4.48,-6.782,-17.926,-24.298,-7.856,-9.226,-66.088,12.497,False,7
1.0,2026-03-17,7974,売り,9802.0,8690.4,10187.2,8980.0,forced_win,8.39,2.13,9.87,1.31,-0.163,0.622,11.875,21.108,24.811,58.253,-13.986,True,1
1.0,2026-03-17,6702,売り,3500.0,3372.8,3626.6,3372.8,win,3.63,1.0,5.11,0.31,1.257,12.886,20.2,14.571,15.0,63.914,-9.772,True,2
1.0,2026-03-17,6701,売り,4154.0,4137.6,4355.4,4137.6,win,0.39,0.08,0.87,0.89,-0.843,1.228,15.84,10.014,10.255,36.495,-17.76,True,3
1.0,2026-03-17,6758,売り,3200.0,3271.7,3323.7,3271.7,win,-2.24,-0.58,0.0,3.25,-5.938,-8.469,-0.594,-2.969,-6.375,-24.344,-9.174,True,4
1.0,2026-03-17,9984,売り,3669.0,1844.8,3923.9,3809.0,forced_loss,-3.82,-0.55,8.29,5.21,-4.906,7.168,15.863,11.175,-8.095,21.205,-2.878,True,5
1.0,2026-03-17,6098,売り,6465.0,6080.9,6740.9,6416.0,forced_win,0.76,0.18,5.15,2.18,-3.14,5.367,8.879,-0.433,1.036,11.709,-16.166,True,6
1.0,2026-03-17,4568,売り,2890.0,2514.6,2976.3,2976.3,loss,-2.99,-1.0,0.24,3.22,-5.986,-4.031,-5.623,-11.488,-11.834,-38.962,-9.47,True,7
1.0,2026-03-17,1605,売り,4549.0,1993.0,4718.7,4718.7,loss,-3.73,-1.0,0.48,3.76,-6.045,-12.179,3.649,2.33,4.616,-7.628,12.903,False,8
1.0,2026-03-18,7974,売り,9700.0,8690.4,10088.2,8990.0,forced_win,7.32,1.83,8.92,2.18,-2.526,8.845,18.175,21.918,21.866,68.278,-13.06,True,1
1.0,2026-03-18,6098,売り,6346.0,6080.9,6613.5,6399.0,forced_loss,-0.84,-0.2,3.37,3.15,-0.158,3.419,-6.067,-4.57,-3.278,-10.652,-16.256,True,2
1.0,2026-03-18,6701,売り,4128.0,3958.7,4320.9,3958.7,win,4.1,0.88,5.84,1.36,-0.654,14.05,8.188,8.43,12.839,42.854,-17.445,True,3
1.0,2026-03-18,6702,売り,3340.0,3372.8,3460.8,3372.8,win,-0.98,-0.27,0.57,1.44,-0.868,6.796,0.898,1.347,5.419,13.593,-9.979,True,4
1.0,2026-03-18,6758,売り,3255.0,2994.9,3376.8,3218.0,forced_win,1.14,0.3,2.3,3.23,-3.257,4.485,2.151,-1.198,1.69,3.871,-8.987,True,5
1.0,2026-03-18,9984,売り,3623.0,1844.8,3868.8,3868.8,loss,-6.79,-1.0,7.12,12.83,3.45,12.255,7.508,-12.007,-22.688,-11.482,-3.086,True,6
1.0,2026-03-19,7974,売り,9434.0,8690.4,9815.6,9215.0,forced_win,2.32,0.57,6.35,1.06,0.636,10.229,14.077,14.024,7.028,45.993,-12.223,True,1
1.0,2026-03-19,4568,売り,2903.0,2910.5,2998.5,2910.5,win,-0.26,-0.08,0.09,2.34,-4.254,-10.093,-10.437,3.462,-0.93,-22.253,-8.741,True,2
1.0,2026-03-19,6098,売り,6150.0,6080.9,6410.4,6410.4,loss,-4.23,-1.0,0.29,6.33,-6.033,-15.821,-14.276,-12.943,-16.797,-65.87,-16.391,True,3
1.0,2026-03-19,6701,売り,3952.0,3958.7,4137.0,3958.7,win,-0.17,-0.04,1.64,0.94,1.316,-4.808,-4.555,0.051,-1.948,-9.944,-17.301,True,4
1.0,2026-03-19,6758,売り,3201.0,2994.9,3323.2,3209.0,forced_loss,-0.25,-0.07,0.66,3.09,-0.5,-2.874,-6.279,-3.343,-1.187,-14.183,-8.811,True,5
1.0,2026-03-19,6702,売り,3270.0,3372.8,3385.8,3372.8,win,-3.14,-0.89,1.19,0.73,0.52,-5.505,-5.046,-0.887,-1.651,-12.569,-10.322,True,6
1.0,2026-03-19,9107,売り,2731.0,2094.7,2821.9,2770.5,forced_loss,-1.45,-0.43,6.61,2.22,11.607,15.489,11.406,5.932,-2.179,42.256,9.779,False,7
1.0,2026-03-19,7267,売り,1287.0,1250.4,1325.3,1325.3,loss,-2.98,-1.0,2.25,3.65,2.292,-2.681,-7.187,-6.76,-11.383,-25.719,-3.009,True,8
1.0,2026-03-23,7974,売り,9500.0,8690.4,9869.5,8899.0,forced_win,6.33,1.63,7.63,0.19,12.242,16.063,16.011,9.063,18.674,72.053,-11.505,True,1
1.0,2026-03-23,6501,売り,4907.0,4039.9,5085.3,4533.0,forced_win,7.62,2.1,10.58,0.2,5.136,2.486,7.357,11.616,25.657,52.252,-2.095,True,2
1.0,2026-03-23,4568,売り,2976.5,2833.5,3070.7,2833.5,win,4.8,1.52,5.24,2.97,-2.436,-2.772,10.784,6.501,18.495,30.573,-8.475,True,3
1.0,2026-03-23,6701,売り,4060.0,3958.7,4237.8,3958.7,win,2.5,0.57,3.1,0.07,3.3,3.547,8.03,6.084,21.823,42.783,-17.452,True,4
1.0,2026-03-23,9104,売り,6438.0,4765.7,6670.6,6670.6,loss,-3.61,-1.0,1.93,7.24,1.227,-2.377,-17.599,-23.905,-14.197,-56.85,15.034,False,5
1.0,2026-03-23,9101,売り,5800.0,5068.6,5968.8,5721.0,forced_win,1.36,0.47,3.69,1.83,4.276,2.672,1.948,-2.259,6.103,12.741,5.599,False,6
1.0,2026-03-23,1605,売り,4413.0,2033.4,4585.7,4585.7,loss,-3.91,-1.0,0.18,4.62,-6.843,-4.487,-16.293,-27.487,-31.928,-87.038,14.117,False,7
1.0,2026-03-24,6501,売り,4880.0,4039.9,5060.8,4464.0,forced_win,8.52,2.3,10.08,0.53,0.84,5.738,10.02,24.139,23.566,64.303,-2.668,True,1
1.0,2026-03-24,4568,売り,3038.0,2910.5,3130.5,2910.5,win,4.2,1.38,7.16,0.89,3.357,16.639,12.442,24.194,24.918,81.55,-8.08,True,2
1.0,2026-03-24,9984,売り,3636.0,1844.8,3875.1,3875.1,loss,-6.58,-1.0,0.03,12.43,-10.891,-21.535,-22.442,-1.76,5.171,-51.458,-5.508,True,3
1.0,2026-03-24,6758,売り,3288.0,2994.9,3407.8,3209.0,forced_win,2.4,0.66,4.62,0.36,1.825,4.684,6.782,10.493,6.204,29.988,-8.702,True,4
1.0,2026-03-24,6098,売り,6463.0,6080.9,6724.3,6526.0,forced_loss,-0.97,-0.24,5.35,2.82,0.944,2.213,-1.454,9.531,-2.754,8.479,-16.682,True,5
1.0,2026-03-25,4568,売り,2903.0,2910.5,2993.1,2910.5,win,-0.26,-0.08,2.84,0.36,3.462,-0.93,11.368,12.125,4.547,30.572,-7.657,True,1
1.0,2026-03-25,6501,売り,4853.0,4039.9,5033.4,4732.0,forced_win,2.49,0.67,9.58,0.19,4.101,8.407,22.605,22.028,8.922,66.062,-2.944,True,2
1.0,2026-03-25,9984,売り,4000.0,1844.8,4234.4,3764.0,forced_win,5.9,1.01,12.95,2.2,7.725,6.9,25.7,32.0,17.275,89.6,-6.128,True,3
1.0,2026-03-25,6758,売り,3271.0,2994.9,3388.4,3372.0,forced_loss,-3.09,-0.86,4.13,3.52,3.149,5.258,8.988,4.677,-7.276,14.797,-8.607,True,4
1.0,2026-03-26,6701,売り,3947.0,3779.7,4119.9,3779.7,win,4.24,0.97,6.33,1.39,-2.331,13.859,7.043,-3.699,-6.207,8.665,-16.853,True,1
1.0,2026-03-26,4568,売り,2894.5,2910.5,2984.7,2910.5,win,-0.55,-0.18,0.64,1.23,-1.814,10.52,11.28,3.679,-0.829,22.836,-7.302,True,2
1.0,2026-03-26,6501,売り,4709.0,4039.9,4883.4,4675.0,forced_win,0.72,0.19,6.82,2.87,-0.51,14.122,13.527,0.021,-0.658,26.502,-3.111,True,3
1.0,2026-03-26,6098,売り,6451.0,6080.9,6704.3,6704.3,loss,-3.93,-1.0,5.18,10.76,-2.015,8.991,-3.317,-27.934,-25.624,-49.899,-16.026,True,4
1.0,2026-03-26,7974,売り,9130.0,8690.4,9518.9,8690.4,win,4.82,1.13,5.39,1.97,-2.727,7.273,8.697,4.929,10.624,28.795,-9.297,True,5
1.0,2026-03-26,6758,売り,3180.0,3179.5,3293.9,3179.5,win,0.02,0.0,1.38,2.26,-3.176,0.66,-3.774,-16.069,-16.101,-38.459,-8.599,True,6
1.0,2026-03-26,7267,売り,1318.5,1250.4,1356.7,1273.0,forced_win,3.45,1.19,5.12,2.54,-3.944,12.287,11.983,8.95,9.367,38.642,-5.359,True,7
1.0,2026-03-27,9984,売り,3700.0,1844.8,3945.9,3945.9,loss,-6.65,-1.0,5.89,7.62,3.459,10.27,-5.649,-1.649,7.027,13.459,-7.445,True,1
1.0,2026-03-27,6098,売り,6307.0,6080.9,6549.1,6549.1,loss,-3.84,-1.0,3.01,5.36,2.347,-10.243,-35.421,-33.059,-32.107,-108.483,-15.676,True,2
1.0,2026-03-27,6501,売り,4484.0,4039.9,4657.5,4657.5,loss,-3.87,-1.0,2.14,5.98,-0.223,-0.847,-15.031,-15.745,-21.833,-53.68,-3.175,True,3
1.0,2026-03-27,7974,売り,9033.0,8690.4,9408.3,8690.4,win,3.79,0.91,4.37,0.46,4.129,5.568,1.76,7.517,8.635,27.61,-8.594,True,4
1.0,2026-03-27,7267,売り,1262.5,1250.4,1299.1,1269.0,forced_loss,-0.51,-0.18,0.91,2.5,-0.475,-0.792,-3.96,-3.525,-1.624,-10.376,-5.852,True,5
1.0,2026-03-27,6758,売り,3176.0,2994.9,3286.9,3286.9,loss,-3.49,-1.0,1.26,6.61,0.283,-4.156,-16.467,-16.499,-14.956,-51.795,-8.486,True,6
1.0,2026-03-30,6098,売り,6405.0,6080.9,6640.3,6640.3,loss,-3.67,-1.0,0.14,3.75,-5.496,-30.289,-27.963,-27.026,-26.042,-116.815,-15.332,True,1
1.0,2026-03-30,4568,売り,2805.5,2833.5,2897.4,2833.5,win,-1.0,-0.3,1.41,0.7,2.121,-5.721,-10.372,-7.557,-6.933,-28.462,-6.83,True,2
1.0,2026-03-30,7974,売り,8969.0,8690.4,9340.4,8690.4,win,3.11,0.75,3.69,1.18,3.467,-0.368,5.43,6.556,4.549,19.634,-7.938,True,3
1.0,2026-03-30,6701,売り,3859.0,3779.7,4023.1,4023.1,loss,-4.25,-1.0,1.4,4.3,0.363,-10.625,-13.19,-14.926,-12.438,-50.816,-16.113,True,4
1.0,2026-03-30,6501,売り,4465.0,4039.9,4633.7,4633.7,loss,-3.78,-1.0,0.43,6.43,-2.128,-16.372,-17.088,-23.203,-19.127,-77.917,-3.289,True,5
1.0,2026-03-30,6758,売り,3190.0,2994.9,3298.1,3298.1,loss,-3.39,-1.0,0.6,6.14,-2.821,-15.078,-15.11,-13.574,-11.003,-57.586,-8.382,True,6
1.0,2026-03-30,6702,売り,3191.0,3155.9,3301.0,3155.9,win,1.1,0.32,1.69,0.81,1.473,-8.148,-8.211,-9.182,-6.456,-30.523,-12.13,True,7
1.0,2026-03-30,7267,売り,1266.0,1305.9,1302.6,1305.9,win,-3.15,-1.09,0.91,1.54,0.039,-3.12,-2.686,-0.79,0.434,-6.122,-6.352,True,8
1.0,2026-03-30,8766,売り,7322.0,5942.9,7607.1,7308.0,forced_win,0.19,0.05,1.35,3.5,-2.568,-5.244,-0.656,2.062,0.15,-6.255,5.209,False,9
1.0,2026-03-30,9104,売り,6750.0,4767.2,7015.6,6851.0,forced_loss,-1.5,-0.38,8.15,2.93,6.8,15.319,4.8,0.133,-4.607,22.444,17.368,False,10
1.0,2026-03-31,6758,売り,3349.0,2994.9,3454.6,3311.0,forced_win,1.13,0.36,1.94,1.88,-0.119,-0.149,1.314,3.762,2.508,7.316,-8.252,True,1
1.0,2026-03-31,1605,売り,4530.0,2058.9,4724.7,4724.7,loss,-4.3,-1.0,0.2,4.3,-7.881,0.11,-6.954,-4.57,-0.088,-19.382,17.198,False,2
