eval_dt,code,direction,entry,tp,sl,exit,result,pnl_pct,rr_real,mfe_pct,mae_pct
2025-11-25,8630,売り,4848.0,4699.9,5168.7,5080.0,forced_loss,-4.79,-0.72,0.04,5.61
2025-11-25,6367,買い,20025.0,21133.3,19227.2,19770.0,forced_loss,-1.27,-0.32,2.3,1.37
2025-11-25,9501,買い,779.9,969.6,751.2,751.2,loss,-3.69,-1.0,5.95,8.19
2025-11-25,8411,買い,5339.0,5578.8,5134.8,5578.8,win,4.49,1.17,4.76,0.49
2025-11-25,6758,買い,4450.0,4944.7,4319.5,4442.0,forced_loss,-0.18,-0.06,3.51,1.06
2025-11-25,8725,売り,3397.0,3288.3,3446.5,3446.5,loss,-1.46,-1.0,0.91,1.91
2025-11-25,6503,買い,4200.0,4559.4,4112.3,4300.0,forced_win,2.38,1.14,2.38,1.31
2025-11-25,8001,買い,1846.6,1937.1,1786.3,1840.6,forced_loss,-0.32,-0.1,1.52,1.17
2025-11-25,6861,買い,53650.0,57088.0,53076.9,53076.9,loss,-1.07,-1.0,0.34,1.86
2025-11-25,8750,売り,1188.0,1133.3,1241.9,1216.5,forced_loss,-2.4,-0.53,0.08,4.29
2025-11-26,5801,買い,9250.0,11277.1,9014.9,10090.0,forced_win,9.08,3.57,9.62,0.8
2025-11-26,9432,売り,155.9,146.4,152.9,152.9,loss,1.95,1.0,1.03,0.13
2025-11-26,7003,買い,6233.0,7430.1,6161.4,6340.0,forced_win,1.72,1.49,13.83,1.14
2025-11-26,8725,売り,3424.0,3182.8,3393.7,3393.7,loss,0.88,1.0,0.32,1.11
2025-11-26,2269,売り,3324.0,3126.8,3285.6,3285.6,loss,1.16,1.0,0.18,1.38
2025-11-26,6503,買い,4284.0,4536.1,4112.3,4339.0,forced_win,1.28,0.32,3.64,3.24
2025-11-26,8058,買い,3690.0,3874.7,3592.2,3670.0,forced_loss,-0.54,-0.2,0.89,1.3
2025-11-26,6146,買い,44410.0,50366.2,42454.2,42454.2,loss,-4.4,-1.0,0.18,4.59
2025-11-26,8001,買い,1870.4,1950.5,1786.3,1828.8,forced_loss,-2.22,-0.49,0.22,2.43
2025-11-26,6758,買い,4586.0,4821.2,4319.5,4388.0,forced_loss,-4.32,-0.74,0.44,4.6
2025-11-27,4063,売り,4643.0,4418.4,4666.8,4666.8,loss,-0.51,-1.0,0.26,1.27
2025-11-27,9432,売り,154.7,150.2,155.5,155.5,loss,-0.53,-1.0,0.19,0.71
2025-11-27,7267,売り,1566.0,1491.1,1604.5,1547.5,forced_win,1.18,0.48,4.09,0.83
2025-11-27,8725,売り,3461.0,3235.6,3446.5,3446.5,loss,0.42,1.0,0.69,0.66
2025-11-27,7003,買い,6593.0,7341.2,6161.4,6351.0,forced_loss,-3.67,-0.56,7.61,5.78
2025-11-27,7011,買い,3919.0,4416.7,3919.8,3919.8,loss,0.02,1.0,0.92,0.82
2025-11-27,6146,買い,43900.0,51408.7,42454.2,42454.2,loss,-3.29,-1.0,1.16,3.49
2025-11-27,5801,買い,9627.0,11398.7,9014.9,9813.0,forced_win,1.93,0.3,5.33,1.66
2025-11-27,7012,買い,1987.0,2285.2,1977.9,1977.9,loss,-0.46,-1.0,0.19,1.09
2025-11-27,5706,買い,18285.0,22196.3,15406.3,17525.0,forced_loss,-4.16,-0.26,1.15,9.84
2025-11-28,4063,売り,4691.0,4418.4,4666.8,4666.8,loss,0.52,1.0,1.07,0.55
2025-11-28,6098,売り,7910.0,7232.3,8093.3,8093.3,loss,-2.32,-1.0,1.63,3.86
2025-11-28,7267,売り,1571.0,1441.3,1565.7,1565.7,loss,0.34,1.0,2.61,0.0
2025-11-28,6146,買い,44220.0,50858.7,42454.2,42454.2,loss,-3.99,-1.0,0.43,4.18
2025-11-28,7012,買い,1983.0,2260.9,1977.9,1977.9,loss,-0.26,-1.0,0.17,1.52
2025-11-28,8630,売り,4955.0,4580.6,5055.6,5055.6,loss,-2.03,-1.0,0.2,3.33
2025-11-28,5801,買い,9928.0,11582.9,9377.6,9727.0,forced_loss,-2.02,-0.37,2.14,4.64
2025-11-28,4568,売り,3795.0,3556.4,3930.9,3556.4,win,6.29,1.76,7.04,1.4
2025-11-28,9501,買い,793.7,947.8,779.3,779.3,loss,-1.81,-1.0,0.67,9.79
2025-11-28,6361,買い,4058.0,4722.5,3925.5,3925.5,loss,-3.27,-1.0,0.74,4.78
2025-12-01,4063,売り,4657.0,4501.2,4749.6,4749.6,loss,-1.99,-1.0,0.52,4.53
2025-12-01,6098,売り,7955.0,7232.5,8093.3,8093.3,loss,-1.74,-1.0,2.19,3.27
2025-12-01,7267,売り,1535.0,1491.1,1604.6,1528.5,forced_win,0.42,0.09,2.15,1.11
2025-12-01,6701,買い,5726.0,6498.0,5818.7,5818.7,loss,1.62,1.0,2.74,0.7
2025-12-01,6146,買い,43110.0,50488.8,42454.2,47460.0,forced_win,10.09,6.63,11.09,1.39
2025-12-01,7011,買い,3873.0,4397.9,3919.8,3919.8,loss,1.21,1.0,0.39,1.19
2025-12-01,8630,売り,5050.0,4640.3,5089.4,5089.4,loss,-0.78,-1.0,0.28,1.39
2025-12-01,9501,買い,712.4,943.1,779.3,779.3,loss,9.39,1.0,0.63,9.6
2025-12-01,6503,買い,4202.0,4579.7,4217.0,4217.0,loss,0.36,1.0,2.33,0.81
2025-12-01,6361,買い,3957.0,4749.3,4062.7,4062.7,loss,2.67,1.0,0.0,4.8
2025-12-02,4063,売り,4703.0,4418.4,4666.8,4666.8,loss,0.77,1.0,1.49,0.79
2025-12-02,7974,買い,12710.0,14100.0,12880.2,12880.2,loss,1.34,1.0,0.9,1.02
2025-12-02,6367,買い,19735.0,21421.5,19227.2,19500.0,forced_loss,-1.19,-0.46,2.61,1.9
2025-12-02,4568,売り,3658.0,3556.4,3936.7,3556.4,win,2.78,0.36,3.55,0.27
2025-12-02,9432,売り,155.8,151.5,157.8,153.8,forced_win,1.28,1.0,1.73,0.19
2025-12-02,6098,売り,7892.0,7217.2,8093.3,8093.3,loss,-2.55,-1.0,0.62,4.09
2025-12-02,6503,買い,4440.0,4583.7,4217.0,4583.7,win,3.24,0.64,4.08,3.02
2025-12-02,9433,買い,2666.0,2795.3,2508.1,2685.0,forced_win,0.71,0.12,0.98,0.84
2025-12-02,4502,売り,4440.0,4345.3,4524.5,4495.0,forced_loss,-1.24,-0.65,0.9,1.24
2025-12-02,8058,買い,3684.0,3890.7,3664.2,3664.2,loss,-0.54,-1.0,0.52,0.57
2025-12-03,7182,売り,1898.0,1772.2,1974.5,1974.5,loss,-4.03,-1.0,0.16,4.16
2025-12-03,6758,買い,4400.0,4833.7,4319.5,4319.5,loss,-1.83,-1.0,0.95,2.14
2025-12-03,4063,売り,4696.0,4501.2,4749.6,4749.6,loss,-1.14,-1.0,0.06,3.66
2025-12-03,9432,売り,154.4,151.5,157.6,155.7,forced_loss,-0.84,-0.4,0.84,1.23
2025-12-03,4502,売り,4434.0,4273.6,4524.5,4483.0,forced_loss,-1.11,-0.54,0.77,1.38
2025-12-03,4568,売り,3555.0,3395.4,3717.6,3395.4,win,4.49,0.98,4.53,1.13
2025-12-03,8725,売り,3484.0,3288.3,3592.2,3592.2,loss,-3.1,-1.0,0.23,3.96
2025-12-03,5801,買い,9961.0,11630.7,9377.6,9957.0,forced_loss,-0.04,-0.01,3.25,3.51
2025-12-03,6146,買い,45130.0,47372.8,42454.2,47372.8,win,4.97,0.84,6.12,0.44
2025-12-03,6098,売り,8053.0,7057.7,7954.7,7954.7,loss,1.22,1.0,0.04,5.94
2025-12-04,6758,買い,4316.0,4769.9,4319.5,4319.5,loss,0.08,1.0,0.79,0.23
2025-12-04,8308,買い,1546.5,1674.5,1536.1,1536.1,loss,-0.67,-1.0,1.71,1.62
2025-12-04,9432,売り,155.0,150.2,155.5,155.5,loss,-0.34,-1.0,1.23,0.84
2025-12-04,4063,売り,4765.0,4501.2,4749.6,4749.6,loss,0.32,1.0,0.02,1.97
2025-12-04,7012,買い,2140.0,2263.4,1977.9,2263.4,win,5.76,0.76,8.93,1.26
2025-12-04,6701,買い,5650.0,6355.9,5648.5,5648.5,loss,-0.03,-1.0,1.29,0.62
2025-12-04,8725,売り,3520.0,3288.3,3573.0,3573.0,loss,-1.51,-1.0,0.37,1.79
2025-12-04,7203,買い,3053.0,3195.8,2861.2,3110.0,forced_win,1.87,0.3,3.5,1.21
2025-12-04,7013,買い,3000.0,3280.4,2870.7,2904.0,forced_loss,-3.2,-0.74,2.67,4.25
2025-12-04,8058,買い,3801.0,3881.1,3664.2,3721.0,forced_loss,-2.1,-0.58,1.29,2.1
2025-12-05,7267,売り,1530.0,1441.3,1580.1,1580.1,loss,-3.27,-1.0,1.18,4.87
2025-12-05,7182,売り,1975.0,1758.8,2008.1,2008.1,loss,-1.68,-1.0,1.16,5.52
2025-12-05,8766,売り,5485.0,5233.9,5732.5,5732.5,loss,-4.51,-1.0,0.4,5.54
2025-12-05,9432,売り,154.1,151.5,157.5,155.5,forced_loss,-0.91,-0.41,0.65,1.49
2025-12-05,6701,買い,5707.0,6304.5,5648.5,5648.5,loss,-1.03,-1.0,1.21,2.02
2025-12-05,6758,買い,4285.0,4784.2,4319.5,4319.5,loss,0.81,1.0,0.58,0.44
2025-12-05,8725,売り,3513.0,3288.3,3634.2,3634.2,loss,-3.45,-1.0,0.06,3.67
2025-12-05,6098,売り,8158.0,7677.5,8509.1,8312.0,forced_loss,-1.89,-0.44,2.12,2.48
2025-12-05,4568,売り,3452.0,3203.1,3663.8,3361.0,forced_win,2.64,0.43,3.1,1.59
2025-12-05,5801,買い,9813.0,11648.1,9740.4,9740.4,loss,-0.74,-1.0,3.54,1.1
2025-12-08,6861,売り,54280.0,50238.6,54352.0,54352.0,loss,-0.13,-1.0,0.79,0.17
2025-12-08,7267,売り,1527.0,1441.3,1540.8,1540.8,loss,-0.9,-1.0,0.65,5.08
2025-12-08,4063,売り,4781.0,4584.0,4902.7,4902.7,loss,-2.55,-1.0,3.58,4.46
2025-12-08,6758,買い,4321.0,4696.0,4319.5,4319.5,loss,-0.03,-1.0,1.0,0.95
2025-12-08,6701,買い,5704.0,6283.2,5648.5,5648.5,loss,-0.97,-1.0,0.18,1.96
2025-12-08,9432,売り,154.3,148.2,154.2,154.2,loss,0.07,1.0,0.78,0.06
2025-12-08,6098,売り,8167.0,7677.5,8509.1,8509.1,loss,-4.19,-1.0,2.23,5.77
2025-12-08,8766,売り,5654.0,5152.8,5732.5,5732.5,loss,-1.39,-1.0,2.46,2.39
2025-12-08,5801,買い,10230.0,11481.2,9377.6,9377.6,loss,-8.33,-1.0,0.54,8.48
2025-12-08,8725,売り,3610.0,3288.3,3591.8,3591.8,loss,0.5,1.0,1.16,0.33
2025-12-09,6861,売り,55240.0,50837.9,55720.0,55720.0,loss,-0.87,-1.0,0.51,1.3
2025-12-09,7267,売り,1580.0,1441.3,1540.8,1540.8,loss,2.48,1.0,0.76,1.55
2025-12-09,6701,買い,5670.0,6228.9,5648.5,5648.5,loss,-0.38,-1.0,0.14,3.49
2025-12-09,4063,売り,4800.0,4584.0,4901.4,4901.4,loss,-2.11,-1.0,3.96,4.04
2025-12-09,8766,売り,5531.0,5224.5,5839.5,5839.5,loss,-5.58,-1.0,0.29,6.13
2025-12-09,9432,売り,154.9,150.2,155.5,155.5,loss,-0.4,-1.0,0.32,0.9
2025-12-09,6098,売り,8080.0,7280.3,8231.9,8231.9,loss,-1.88,-1.0,1.18,2.48
2025-12-09,5706,買い,19000.0,21864.9,18094.2,18094.2,loss,-4.77,-1.0,1.84,7.76
2025-12-09,7003,買い,6190.0,7325.7,6161.2,6161.2,loss,-0.46,-1.0,0.24,7.11
2025-12-09,8725,売り,3605.0,3393.7,3654.8,3654.8,loss,-1.38,-1.0,2.22,3.55
2025-12-10,9984,売り,4402.5,4009.5,4815.0,4188.8,forced_win,4.86,0.52,8.69,4.51
2025-12-10,7735,売り,6905.0,6010.2,7157.4,6550.0,forced_win,5.14,1.41,7.89,0.0
2025-12-10,4063,売り,4823.0,4584.0,4879.3,4879.3,loss,-1.17,-1.0,4.42,3.55
2025-12-10,6098,売り,8247.0,7297.1,8093.3,8093.3,loss,1.86,1.0,1.95,0.4
2025-12-10,7269,買い,2308.5,2500.7,2283.9,2283.9,loss,-1.07,-1.0,0.19,1.54
2025-12-10,7003,買い,5735.0,7222.0,6161.2,6161.2,loss,7.43,1.0,2.74,1.9
2025-12-10,6501,買い,4955.0,5357.6,4884.3,4884.3,loss,-1.43,-1.0,0.2,3.07
2025-12-10,6861,売り,56000.0,50401.7,54352.0,54352.0,loss,2.94,1.0,2.52,0.23
2025-12-10,9432,売り,155.7,148.4,154.2,154.2,loss,0.97,1.0,0.58,0.45
2025-12-10,5803,買い,3100.0,3615.9,2915.0,2915.0,loss,-5.97,-1.0,2.53,7.07
2025-12-11,7974,買い,11510.0,12880.2,11219.2,11219.2,loss,-2.53,-1.0,2.0,3.56
2025-12-11,6861,売り,55680.0,51500.1,55720.0,55720.0,loss,-0.07,-1.0,0.92,1.24
2025-12-11,7269,買い,2242.5,2462.0,2283.9,2283.9,loss,1.84,1.0,3.3,1.0
2025-12-11,6146,売り,49900.0,42454.2,50751.9,44180.0,forced_win,11.46,6.71,11.72,0.0
2025-12-11,9432,売り,155.1,151.5,157.6,156.7,forced_loss,-1.03,-0.65,0.84,1.03
2025-12-11,4063,売り,4705.0,4584.0,4889.7,4889.7,loss,-3.93,-1.0,0.19,6.14
2025-12-11,6098,売り,8200.0,7335.5,8231.9,8231.9,loss,-0.39,-1.0,0.89,1.95
2025-12-11,9984,売り,4465.0,3741.0,4815.0,4031.2,forced_win,9.71,1.24,12.99,3.05
2025-12-11,6501,買い,4946.0,5326.4,4884.3,4884.3,loss,-1.25,-1.0,1.33,1.7
2025-12-11,4506,買い,2318.0,2896.9,2452.2,2452.2,loss,5.79,1.0,1.38,5.16
2025-12-12,6146,売り,47410.0,42454.2,51461.0,44720.0,forced_win,5.67,0.66,7.09,2.07
2025-12-12,7267,売り,1602.5,1441.3,1606.2,1606.2,loss,-0.23,-1.0,0.34,0.53
2025-12-12,7269,買い,2282.0,2458.1,2283.9,2283.9,loss,0.08,1.0,2.65,0.0
2025-12-12,8306,買い,2513.0,2597.2,2348.6,2449.5,forced_loss,-2.53,-0.39,2.51,3.8
2025-12-12,9432,売り,155.8,150.2,155.5,155.5,loss,0.18,1.0,0.45,0.26
2025-12-12,6098,売り,8301.0,7382.3,8231.9,8231.9,loss,0.83,1.0,0.24,4.06
2025-12-12,6861,売り,56000.0,50681.5,55720.0,55720.0,loss,0.5,1.0,0.14,1.25
2025-12-12,7003,買い,5648.0,6664.4,2773.6,5322.0,forced_loss,-5.77,-0.11,1.31,9.97
2025-12-12,5803,買い,2916.7,3564.3,2915.0,2915.0,loss,-0.06,-1.0,2.74,1.23
2025-12-12,8058,買い,3770.0,3949.0,3650.0,3650.0,loss,-3.18,-1.0,0.53,4.11
2025-12-15,7267,売り,1620.0,1441.3,1634.1,1582.0,forced_win,2.35,2.69,5.31,0.28
2025-12-15,6098,売り,8698.0,7677.5,8370.5,8370.5,loss,3.77,1.0,2.77,0.39
2025-12-15,5802,買い,6350.0,7623.5,6439.1,6439.1,loss,1.4,1.0,1.65,2.83
2025-12-15,9432,売り,155.0,151.5,155.5,155.5,loss,-0.34,-1.0,0.52,0.45
2025-12-15,6146,売り,47820.0,42454.2,50956.7,47230.0,forced_win,1.23,0.19,7.88,1.19
2025-12-15,7269,買い,2335.0,2485.5,2283.9,2355.5,forced_win,0.88,0.4,1.88,1.48
2025-12-15,5706,買い,17155.0,21439.5,18094.2,18094.2,loss,5.47,1.0,0.15,4.81
2025-12-15,6594,売り,2004.0,1764.5,2054.8,2054.8,loss,-2.54,-1.0,2.64,6.94
2025-12-15,5801,買い,9286.0,11375.6,9740.4,9740.4,loss,4.89,1.0,0.42,3.32
2025-12-15,9433,買い,2702.0,2803.4,2663.1,2694.0,forced_loss,-0.3,-0.21,1.22,0.78
2025-12-16,6861,売り,55300.0,52565.6,57088.0,57088.0,loss,-3.23,-1.0,1.18,4.85
2025-12-16,8766,売り,5725.0,5518.5,5946.5,5946.5,loss,-3.87,-1.0,0.05,5.15
2025-12-16,5802,買い,6311.0,7565.9,6439.1,6439.1,loss,2.03,1.0,1.79,2.84
2025-12-16,7267,売り,1579.0,1540.8,1642.2,1540.8,win,2.42,0.6,2.85,0.51
2025-12-16,9432,売り,154.5,151.5,155.5,155.5,loss,-0.66,-1.0,0.45,1.42
2025-12-16,8035,買い,31200.0,34714.4,27254.8,33000.0,forced_win,5.77,0.46,7.18,3.65
2025-12-16,6146,売り,45620.0,42454.2,49813.3,46850.0,forced_loss,-2.7,-0.29,3.44,3.79
2025-12-16,4063,売り,4797.0,4666.8,5093.8,4892.0,forced_loss,-1.98,-0.32,1.63,2.4
2025-12-16,7203,売り,3346.0,2835.3,3424.4,3424.4,loss,-2.34,-1.0,1.02,2.78
2025-12-16,6501,買い,4859.0,5368.5,4884.3,4884.3,loss,0.52,1.0,2.33,0.43
2025-12-17,6861,売り,55480.0,51859.5,55720.0,55720.0,loss,-0.43,-1.0,0.31,1.26
2025-12-17,7267,売り,1584.5,1441.3,1618.2,1553.5,forced_win,1.96,0.92,3.19,0.63
2025-12-17,8766,売り,5875.0,5329.2,5732.5,5732.5,loss,2.43,1.0,0.85,0.71
2025-12-17,5401,買い,604.9,637.5,587.9,623.5,forced_win,3.07,1.09,3.72,1.77
2025-12-17,6981,買い,3120.0,3418.1,3019.5,3164.0,forced_win,1.41,0.44,4.68,0.03
2025-12-17,9432,売り,155.5,151.5,155.5,155.5,loss,-0.02,-1.0,0.06,0.77
2025-12-17,7011,買い,3805.0,4384.6,3919.8,3919.8,loss,3.02,1.0,0.37,1.13
2025-12-17,6146,売り,44430.0,34256.8,47372.8,47372.8,loss,-6.62,-1.0,0.86,6.84
2025-12-17,6701,買い,5308.0,5818.7,4627.3,5400.0,forced_win,1.73,0.14,3.24,0.23
2025-12-17,9984,売り,3951.2,1861.5,4278.0,4278.0,loss,-8.27,-1.0,1.68,9.36
2025-12-18,8058,買い,3628.0,3837.0,3574.8,3574.8,loss,-1.47,-1.0,0.83,1.76
2025-12-18,5801,買い,9250.0,10705.1,9014.9,10140.0,forced_win,9.62,3.79,10.59,1.92
2025-12-18,8766,売り,5974.0,5518.5,5839.5,5839.5,loss,2.25,1.0,0.33,0.77
2025-12-18,8411,買い,5617.0,6050.2,5632.5,5632.5,loss,0.28,1.0,1.73,0.16
2025-12-18,6861,売り,56920.0,51898.8,55720.0,55720.0,loss,2.11,1.0,2.6,0.0
2025-12-18,7267,売り,1536.0,1441.3,1615.2,1559.5,forced_loss,-1.53,-0.3,0.0,3.81
2025-12-18,5803,買い,2689.2,3269.0,1271.3,2936.7,forced_win,9.2,0.17,12.98,0.37
2025-12-18,8267,買い,2393.0,2702.8,2338.8,2476.5,forced_win,3.49,1.54,5.27,0.25
2025-12-18,5706,買い,17280.0,20421.9,17198.2,17198.2,loss,-0.47,-1.0,0.52,2.92
2025-12-18,6981,買い,3180.0,3418.1,3019.5,3168.0,forced_loss,-0.38,-0.07,2.7,1.07
2025-12-19,8058,買い,3649.0,3860.7,3574.8,3574.8,loss,-2.03,-1.0,0.25,2.33
2025-12-19,8766,売り,5997.0,5518.5,5946.5,5946.5,loss,0.84,1.0,3.12,0.02
2025-12-19,8306,買い,2499.0,2594.9,2318.9,2485.5,forced_loss,-0.54,-0.07,1.12,1.14
2025-12-19,5801,買い,9570.0,10532.4,9014.9,9884.0,forced_win,3.28,0.57,6.9,0.55
2025-12-19,6861,売り,56440.0,52323.1,56404.0,56404.0,loss,0.06,1.0,0.66,0.82
2025-12-19,9432,売り,157.3,152.9,158.4,158.4,loss,-0.7,-1.0,1.91,1.02
2025-12-19,8267,買い,2491.0,2726.5,2338.8,2456.0,forced_loss,-1.41,-0.23,0.34,4.07
2025-12-19,5706,買い,18005.0,20400.3,17198.2,17325.0,forced_loss,-3.78,-0.84,4.3,4.08
2025-12-19,7013,買い,2815.0,3072.9,2280.3,2800.0,forced_loss,-0.53,-0.03,1.4,1.74
2025-12-19,4063,売り,4819.0,4501.2,4901.5,4901.5,loss,-1.71,-1.0,0.66,1.93
2025-12-22,7741,買い,24030.0,25533.3,23683.4,23683.4,loss,-1.44,-1.0,0.56,1.85
2025-12-22,9432,売り,154.7,152.9,158.7,158.7,loss,-2.55,-1.0,0.26,2.71
2025-12-22,8058,買い,3600.0,3844.7,3574.8,3574.8,loss,-0.7,-1.0,0.28,1.0
2025-12-22,6506,買い,4550.0,4980.1,4018.0,4720.0,forced_win,3.74,0.32,5.32,0.48
2025-12-22,5801,買い,9747.0,10679.0,9014.9,10040.0,forced_win,3.01,0.4,4.96,0.72
2025-12-22,6861,売り,57300.0,51680.8,55720.0,55720.0,loss,2.76,1.0,0.51,1.19
2025-12-22,6981,買い,3206.0,3418.1,3179.0,3179.0,loss,-0.84,-1.0,0.53,1.15
2025-12-22,2914,買い,5751.0,6003.0,5753.3,5753.3,loss,0.04,1.0,0.52,0.19
2025-12-22,7013,買い,2798.0,3088.6,2280.3,2783.0,forced_loss,-0.54,-0.03,2.02,1.59
2025-12-22,8766,売り,5869.0,5518.5,6160.5,5836.0,forced_win,0.56,0.11,1.69,0.85
2025-12-23,6861,売り,57280.0,53026.4,57088.0,57088.0,loss,0.34,1.0,0.05,1.59
2025-12-23,9501,売り,660.5,413.4,666.7,666.7,loss,-0.94,-1.0,1.83,1.01
2025-12-23,8058,買い,3565.0,3827.8,3574.8,3574.8,loss,0.27,1.0,0.03,1.49
2025-12-23,4502,売り,4843.0,4477.5,4752.7,4752.7,loss,1.87,1.0,0.33,0.74
2025-12-23,8766,売り,5855.0,5518.5,5839.5,5839.5,loss,0.26,1.0,0.99,0.65
2025-12-23,7267,売り,1568.0,1441.3,1615.4,1536.0,forced_win,2.04,0.67,2.87,0.03
2025-12-23,6981,買い,3200.0,3418.1,3179.0,3179.0,loss,-0.66,-1.0,0.03,1.69
2025-12-23,4063,売り,4920.0,4584.0,4954.0,4873.0,forced_win,0.96,1.38,1.83,0.67
2025-12-23,6762,買い,2262.5,2486.6,2188.4,2188.4,loss,-3.27,-1.0,0.09,3.45
2025-12-23,9432,売り,156.0,150.2,155.5,155.5,loss,0.3,1.0,0.45,0.19
2025-12-24,6146,売り,47400.0,42454.2,47372.8,47372.8,loss,0.06,1.0,0.21,2.15
2025-12-24,9501,売り,658.0,413.4,666.7,666.7,loss,-1.33,-1.0,2.61,2.69
2025-12-24,8766,売り,5832.0,5518.5,5946.5,5911.0,forced_loss,-1.35,-0.69,1.06,1.66
2025-12-24,4502,売り,4860.0,4533.8,4896.7,4896.7,loss,-0.75,-1.0,0.8,1.34
2025-12-24,6503,買い,4633.0,5026.2,4618.4,4618.4,loss,-0.31,-1.0,0.22,1.42
2025-12-24,9432,売り,156.5,150.2,156.9,156.9,loss,-0.23,-1.0,0.19,0.32
2025-12-24,6981,買い,3195.0,3418.1,3179.0,3179.0,loss,-0.5,-1.0,0.03,0.88
2025-12-24,6762,買い,2237.5,2486.6,2263.0,2263.0,loss,1.14,1.0,0.0,1.39
2025-12-24,2914,買い,5795.0,5986.8,5753.3,5753.3,loss,-0.72,-1.0,0.02,0.83
2025-12-24,4063,売り,4921.0,4666.8,4996.0,4996.0,loss,-1.52,-1.0,1.85,1.99
2025-12-25,6146,売り,48000.0,42454.2,47372.8,47372.8,loss,1.31,1.0,0.56,2.02
2025-12-25,9501,売り,656.0,413.4,666.7,666.7,loss,-1.63,-1.0,2.32,3.0
2025-12-25,6861,売り,57360.0,53760.1,57772.0,57772.0,loss,-0.72,-1.0,1.41,1.41
2025-12-25,9432,売り,157.4,152.9,156.9,156.9,loss,0.35,1.0,0.13,0.95
2025-12-25,8766,売り,5785.0,5518.5,5839.5,5839.5,loss,-0.94,-1.0,0.26,1.11
2025-12-25,4063,売り,4944.0,4666.8,5006.9,5006.9,loss,-1.27,-1.0,2.31,1.52
2025-12-25,6594,売り,2071.0,1839.9,2054.8,2054.8,loss,0.78,1.0,0.58,0.58
2025-12-25,2914,買い,5764.0,5990.4,5753.3,5753.3,loss,-0.19,-1.0,0.5,2.62
2025-12-25,5802,買い,6574.0,7416.5,6439.1,6439.1,loss,-2.05,-1.0,0.0,5.42
2025-12-25,9984,売り,4402.5,1861.5,4546.5,4546.5,loss,-3.27,-1.0,1.6,6.96
2025-12-26,5401,売り,642.1,604.3,642.5,642.5,loss,-0.06,-1.0,0.4,0.61
2025-12-26,9432,売り,159.0,152.9,156.9,156.9,loss,1.35,1.0,0.94,0.06
2025-12-26,6861,売り,56960.0,53768.7,57772.0,57772.0,loss,-1.43,-1.0,0.72,2.12
2025-12-26,7012,買い,2099.0,2401.4,1977.9,2324.0,forced_win,10.72,1.86,13.67,2.62
2025-12-26,6762,買い,2205.0,2448.0,2188.4,2188.4,loss,-0.75,-1.0,0.36,1.2
2025-12-26,8766,売り,5805.0,5518.5,5839.5,5839.5,loss,-0.59,-1.0,0.34,0.76
2025-12-26,2914,買い,5619.0,5978.5,5753.3,5753.3,loss,2.39,1.0,1.96,0.11
2025-12-26,5802,買い,6326.0,7416.2,6439.1,6439.1,loss,1.79,1.0,2.73,0.41
2025-12-26,7267,売り,1540.0,1441.3,1565.7,1565.7,loss,-1.67,-1.0,1.1,2.27
2025-12-26,6146,売り,49170.0,42454.2,49505.4,49505.4,loss,-0.68,-1.0,3.36,4.17
2025-12-29,9434,売り,217.5,209.3,218.9,215.1,forced_win,1.1,1.77,1.29,0.14
2025-12-29,4568,売り,3362.0,3157.8,3449.0,3449.0,loss,-2.59,-1.0,0.92,5.23
2025-12-29,6146,売り,47700.0,42454.2,50617.2,50617.2,loss,-6.12,-1.0,0.23,7.38
2025-12-29,6861,売り,56680.0,53513.1,57088.0,57088.0,loss,-0.72,-1.0,0.11,2.63
2025-12-29,8725,買い,3691.0,3847.4,3513.9,3847.4,win,4.24,0.88,4.66,0.24
2025-12-29,6762,買い,2175.0,2435.7,2188.4,2188.4,loss,0.62,1.0,1.79,0.0
2025-12-29,9432,売り,158.9,154.2,160.5,160.5,loss,-0.99,-1.0,0.76,1.45
2025-12-29,6981,買い,3209.0,3418.1,3179.0,3187.0,forced_loss,-0.69,-0.73,5.67,0.69
2025-12-29,2914,買い,5680.0,5962.8,5753.3,5753.3,loss,1.29,1.0,0.32,0.7
2025-12-29,8766,売り,5864.0,5518.5,5839.5,5839.5,loss,0.42,1.0,0.8,0.05
2025-12-30,6501,買い,5049.0,5299.5,4884.3,5299.5,win,4.96,1.52,7.84,0.38
2025-12-30,4568,売り,3400.0,3099.7,3395.4,3395.4,loss,0.14,1.0,0.0,4.06
2025-12-30,6861,売り,57700.0,53817.9,57772.0,57772.0,loss,-0.12,-1.0,0.9,0.81
2025-12-30,5802,買い,6525.0,7214.6,6171.2,6171.2,loss,-5.42,-1.0,4.77,6.28
2025-12-30,8766,売り,5895.0,5518.5,5839.5,5839.5,loss,0.94,1.0,0.51,0.58
2025-12-30,5401,売り,654.0,604.3,656.2,656.2,loss,-0.34,-1.0,1.15,0.73
2025-12-30,4755,売り,1004.0,943.8,1059.1,1001.5,forced_win,0.25,0.05,2.23,1.69
2025-12-30,7012,買い,2146.0,2326.5,1977.9,2326.5,win,8.41,1.07,11.18,0.79
2025-12-30,6146,売り,49970.0,42454.2,49490.2,49490.2,loss,0.96,1.0,1.28,2.5
2025-12-30,9984,売り,4520.0,1861.5,4546.5,4546.5,loss,-0.59,-1.0,0.2,4.18
2026-01-05,6501,買い,5368.0,5258.9,4884.3,5258.9,win,-2.03,-0.23,1.43,2.53
2026-01-05,7751,買い,4730.0,4855.8,4535.0,4724.0,forced_loss,-0.13,-0.03,0.63,2.49
2026-01-05,9432,売り,159.5,154.2,158.2,158.2,loss,0.82,1.0,0.19,1.07
2026-01-05,4568,売り,3487.0,3087.3,3395.4,3395.4,loss,2.63,1.0,1.49,1.18
2026-01-05,5802,買い,6643.0,7185.4,6171.2,6171.2,loss,-7.1,-1.0,2.91,7.95
2026-01-05,9501,売り,724.0,413.4,666.7,666.7,loss,7.91,1.0,0.86,4.97
2026-01-05,7012,買い,2292.0,2312.4,1977.9,2312.4,win,0.89,0.06,4.1,0.13
2026-01-05,8058,買い,3686.0,3773.2,3574.8,3773.2,win,2.36,0.78,2.74,0.3
2026-01-05,9434,売り,216.0,207.0,216.4,216.4,loss,-0.2,-1.0,0.19,0.79
2026-01-05,6146,売り,51540.0,42454.2,49838.8,49838.8,loss,3.3,1.0,0.29,5.16
2026-01-06,7751,買い,4717.0,4957.7,4717.9,4717.9,loss,0.02,1.0,0.11,1.23
2026-01-06,8766,売り,5868.0,5518.5,5946.5,5946.5,loss,-1.34,-1.0,0.0,1.69
2026-01-06,6758,売り,4045.0,3812.2,4169.7,3812.2,win,5.75,1.87,5.93,0.17
2026-01-06,6861,売り,56250.0,53871.5,57772.0,57772.0,loss,-2.71,-1.0,1.12,2.93
2026-01-06,6702,買い,4317.0,4579.3,4286.1,4579.3,win,6.08,8.48,7.46,0.58
2026-01-06,8058,買い,3744.0,3850.4,3650.0,3850.4,win,2.84,1.13,6.28,0.35
2026-01-06,7267,売り,1534.0,1441.3,1565.7,1565.7,loss,-2.07,-1.0,1.04,3.23
2026-01-06,2914,買い,5602.0,5852.7,4777.3,5825.0,forced_win,3.98,0.27,4.32,0.48
2026-01-06,9434,売り,215.7,208.6,216.4,216.4,loss,-0.34,-1.0,0.7,0.79
2026-01-06,8031,売り,4784.0,3668.6,4840.7,4840.7,loss,-1.19,-1.0,0.48,1.48
2026-01-07,6758,売り,3970.0,3812.2,4200.7,3812.2,win,3.97,0.68,4.16,0.1
2026-01-07,7011,売り,4230.0,3919.8,4382.2,4382.2,loss,-3.6,-1.0,1.04,6.69
2026-01-07,9984,売り,4600.0,4009.5,4815.0,4051.0,forced_win,11.93,2.55,12.74,0.13
2026-01-07,9434,売り,215.3,209.9,218.9,216.7,forced_loss,-0.65,-0.39,0.51,1.02
2026-01-07,6861,売り,56000.0,53912.8,57772.0,57772.0,loss,-3.16,-1.0,0.68,3.39
2026-01-07,4568,売り,3511.0,3168.1,3502.8,3502.8,loss,0.23,1.0,0.68,1.34
2026-01-07,8316,売り,5151.0,4161.3,5435.4,5435.4,loss,-5.52,-1.0,1.05,7.84
2026-01-07,7267,売り,1530.0,1441.3,1565.7,1565.7,loss,-2.33,-1.0,0.78,3.5
2026-01-07,5802,買い,6601.0,7428.1,6439.1,6439.1,loss,-2.45,-1.0,0.47,3.95
2026-01-07,1801,売り,15630.0,10038.2,16042.0,16042.0,loss,-2.64,-1.0,0.54,3.2
2026-01-08,7011,売り,4209.0,3386.6,4286.8,4286.8,loss,-1.85,-1.0,0.55,7.22
2026-01-08,6146,売り,55540.0,47372.8,57548.9,57548.9,loss,-3.62,-1.0,3.37,4.32
2026-01-08,9983,買い,59990.0,60312.9,56507.5,60312.9,win,0.54,0.09,4.6,0.13
2026-01-08,9984,売り,4300.0,4009.5,4815.0,4010.0,forced_win,6.74,0.56,6.74,6.3
2026-01-08,4568,売り,3500.0,3198.1,3502.8,3502.8,loss,-0.08,-1.0,0.66,1.2
2026-01-08,7751,買い,4630.0,4886.1,4656.9,4656.9,loss,0.58,1.0,1.25,0.0
2026-01-08,8766,売り,5916.0,5518.5,5946.5,5946.5,loss,-0.52,-1.0,0.03,0.86
2026-01-08,8411,売り,6147.0,5603.8,6264.2,6264.2,loss,-1.91,-1.0,0.41,2.33
2026-01-08,6861,売り,56300.0,52893.4,56404.0,56404.0,loss,-0.18,-1.0,0.16,2.84
2026-01-08,5802,買い,6345.0,7550.0,6439.1,6439.1,loss,1.48,1.0,0.08,3.62
2026-01-09,9502,買い,2223.5,2424.7,2201.2,2201.2,loss,-1.0,-1.0,0.11,1.42
2026-01-09,8267,買い,2199.0,2622.5,2338.8,2338.8,loss,6.36,1.0,2.23,1.3
2026-01-09,6367,買い,19660.0,20408.6,18105.2,19865.0,forced_win,1.04,0.13,2.19,0.94
2026-01-09,6146,売り,57250.0,47372.8,57526.8,57526.8,loss,-0.48,-1.0,1.76,1.21
2026-01-09,9983,買い,65880.0,60154.8,56507.5,60154.8,win,-8.69,-0.61,0.11,3.76
2026-01-09,4568,売り,3600.0,3341.6,3556.4,3556.4,loss,1.21,1.0,1.72,0.69
2026-01-09,6503,買い,4971.0,5064.8,4583.9,5064.8,win,1.89,0.24,1.91,0.76
2026-01-09,8766,売り,6018.0,5518.5,5946.5,5946.5,loss,1.19,1.0,0.88,0.95
2026-01-09,7203,買い,3500.0,3495.1,2831.0,3495.1,win,-0.14,-0.01,4.03,0.03
2026-01-09,5801,買い,10275.0,11164.6,9740.4,9740.4,loss,-5.2,-1.0,0.0,5.57
2026-01-13,6367,買い,19965.0,20600.9,19227.2,19720.0,forced_loss,-1.23,-0.33,0.63,2.45
2026-01-13,6981,買い,3307.0,3418.1,3179.0,3418.1,win,3.36,0.87,5.38,0.21
2026-01-13,4568,売り,3498.0,3341.6,3556.4,3341.6,win,4.47,2.67,5.63,0.03
2026-01-13,9501,売り,724.1,638.6,723.0,723.0,loss,0.15,1.0,1.88,0.81
2026-01-13,5802,買い,6565.0,7195.3,6171.2,6597.0,forced_win,0.49,0.08,5.22,2.89
2026-01-13,6503,買い,5065.0,5086.0,4583.9,5086.0,win,0.41,0.04,1.64,0.34
2026-01-13,6146,売り,58230.0,47372.8,56982.0,56982.0,loss,2.14,1.0,0.17,3.31
2026-01-13,9502,買い,2215.0,2396.4,2201.2,2201.2,loss,-0.62,-1.0,0.27,1.04
2026-01-13,7011,売り,4509.0,3919.8,4391.1,4391.1,loss,2.61,1.0,0.27,4.46
2026-01-13,5801,買い,9990.0,11245.8,9740.4,9740.4,loss,-2.5,-1.0,0.85,2.87
2026-01-14,7267,売り,1617.0,1540.8,1634.6,1634.6,loss,-1.09,-1.0,0.71,2.5
2026-01-14,4568,売り,3430.0,3274.4,3556.4,3274.4,win,4.54,1.23,6.09,0.38
2026-01-14,9501,売り,711.3,638.6,723.0,723.0,loss,-1.65,-1.0,5.78,2.53
2026-01-14,9983,売り,65160.0,56614.8,65442.8,65442.8,loss,-0.43,-1.0,2.21,1.0
2026-01-14,8766,売り,6019.0,5518.5,6053.5,6053.5,loss,-0.57,-1.0,0.4,0.71
2026-01-14,6367,買い,19700.0,21041.1,19507.8,19507.8,loss,-0.98,-1.0,0.99,1.14
2026-01-14,9502,買い,2185.0,2374.5,2201.2,2201.2,loss,0.74,1.0,0.59,0.87
2026-01-14,5803,買い,2834.2,3280.9,1271.3,2988.3,forced_win,5.44,0.1,5.91,3.26
2026-01-14,6861,売り,58770.0,55720.0,61192.0,61192.0,loss,-4.12,-1.0,0.22,5.26
2026-01-14,5802,買い,6550.0,7375.2,6439.1,6439.1,loss,-1.69,-1.0,5.47,2.24
2026-01-15,6301,売り,5525.0,5138.0,5496.4,5496.4,loss,0.52,1.0,0.24,4.22
2026-01-15,5801,買い,9858.0,11146.8,9740.4,11146.8,win,13.07,10.96,16.91,0.76
2026-01-15,9501,売り,704.8,638.6,723.0,723.0,loss,-2.58,-1.0,4.91,3.48
2026-01-15,6861,売り,60750.0,56404.0,61192.0,61192.0,loss,-0.73,-1.0,0.53,1.83
2026-01-15,6098,買い,9102.0,9878.0,8786.3,8786.3,loss,-3.47,-1.0,3.02,3.92
2026-01-15,9983,売り,63040.0,56343.8,66858.3,60850.0,forced_win,3.47,0.57,3.47,0.67
2026-01-15,6503,売り,5061.0,4646.2,5278.8,4979.0,forced_win,1.62,0.38,3.79,1.8
2026-01-15,8316,売り,5685.0,5085.0,5671.2,5671.2,loss,0.24,1.0,1.04,0.53
2026-01-15,8766,売り,6000.0,5839.5,6053.5,6053.5,loss,-0.89,-1.0,0.07,1.08
2026-01-15,6367,買い,19730.0,20975.7,19507.8,19507.8,loss,-1.13,-1.0,1.82,2.66
2026-01-16,6301,売り,5576.0,5138.0,5573.3,5573.3,loss,0.05,1.0,1.52,0.95
2026-01-16,7011,売り,4650.0,3885.8,4942.2,4601.0,forced_win,1.05,0.17,1.33,5.87
2026-01-16,5801,買い,10120.0,10978.5,9740.4,10978.5,win,8.48,2.26,13.88,0.1
2026-01-16,9501,売り,675.0,638.6,723.0,723.0,loss,-7.11,-1.0,0.71,8.04
2026-01-16,7203,売り,3600.0,2881.7,3801.4,3624.0,forced_loss,-0.67,-0.12,3.03,1.42
2026-01-16,8316,売り,5617.0,4903.5,5793.7,5541.0,forced_win,1.35,0.43,3.95,1.18
2026-01-16,8766,売り,6039.0,5839.5,6053.5,6053.5,loss,-0.24,-1.0,1.28,0.33
2026-01-16,6367,買い,19875.0,21024.6,19507.8,19507.8,loss,-1.85,-1.0,0.13,3.37
2026-01-16,6981,売り,3400.0,3179.0,3418.1,3418.1,loss,-0.53,-1.0,1.68,1.41
2026-01-16,5803,買い,2833.3,3277.8,1271.3,2984.2,forced_win,5.32,0.1,8.38,3.24
2026-01-19,9432,買い,158.0,162.5,155.5,156.9,forced_loss,-0.7,-0.44,1.39,1.33
2026-01-19,7011,売り,4860.0,3885.8,4803.1,4803.1,loss,1.17,1.0,1.85,1.3
2026-01-19,8766,売り,6047.0,5518.5,6053.5,6053.5,loss,-0.11,-1.0,1.04,0.13
2026-01-19,9433,買い,2694.0,2768.2,2524.9,2650.0,forced_loss,-1.63,-0.26,0.45,1.99
2026-01-19,5803,買い,2849.2,3342.9,2915.0,2915.0,loss,2.31,1.0,0.18,2.66
2026-01-19,2914,買い,5782.0,6023.2,5753.3,5753.3,loss,-0.5,-1.0,0.83,0.8
2026-01-19,6752,売り,2290.0,1878.4,2308.6,2308.6,loss,-0.81,-1.0,2.25,2.73
2026-01-19,6861,売り,60550.0,57772.0,63122.9,58390.0,forced_win,3.57,0.84,4.21,1.34
2026-01-19,4568,売り,3254.0,3036.7,3395.4,3120.0,forced_win,4.12,0.95,5.75,0.31
2026-01-19,8306,売り,2964.5,2504.3,3053.5,2730.0,forced_win,7.91,2.63,7.91,0.02
2026-01-20,9432,買い,159.8,163.6,158.2,158.2,loss,-1.01,-1.0,0.19,1.63
2026-01-20,9104,買い,4762.0,5004.2,4696.1,4696.1,loss,-1.38,-1.0,0.67,2.35
2026-01-20,6301,売り,5491.0,5361.4,5728.6,5728.6,loss,-4.33,-1.0,0.15,5.06
2026-01-20,7751,買い,4620.0,4937.7,4656.9,4656.9,loss,0.8,1.0,0.67,0.56
2026-01-20,9501,売り,682.9,595.6,694.9,694.9,loss,-1.75,-1.0,0.5,6.79
2026-01-20,5803,売り,2746.7,1271.3,2915.0,2915.0,loss,-6.13,-1.0,0.18,9.28
2026-01-20,8766,売り,5912.0,5839.5,6160.5,5839.5,win,1.23,0.29,1.74,0.3
2026-01-20,5802,買い,6409.0,7599.1,6707.1,6707.1,loss,4.65,1.0,5.09,0.09
2026-01-20,8053,売り,6156.0,5346.8,6371.0,6371.0,loss,-3.49,-1.0,0.26,3.59
2026-01-20,8316,売り,5500.0,4202.1,5787.0,5430.0,forced_win,1.27,0.24,2.67,1.07
2026-01-21,9104,買い,4768.0,5011.1,4759.7,4759.7,loss,-0.17,-1.0,0.55,0.38
2026-01-21,2802,売り,3670.0,3402.1,3942.6,3402.1,win,7.3,0.98,8.07,0.22
2026-01-21,6301,売り,5700.0,5361.4,5728.0,5728.0,loss,-0.49,-1.0,1.51,1.21
2026-01-21,7751,買い,4674.0,4936.4,4656.9,4656.9,loss,-0.37,-1.0,0.75,0.51
2026-01-21,9432,買い,159.0,165.7,159.5,159.5,loss,0.32,1.0,0.0,1.76
2026-01-21,9501,売り,715.6,589.0,694.9,694.9,loss,2.9,1.0,4.26,1.38
2026-01-21,5802,買い,6890.0,7446.3,6439.1,7010.0,forced_win,1.74,0.27,4.33,5.86
2026-01-21,8766,買い,5852.0,6281.1,5946.5,5946.5,loss,1.61,1.0,0.34,1.01
2026-01-21,5803,売り,3044.2,1271.3,2915.0,2915.0,loss,4.24,1.0,2.52,0.88
2026-01-21,4004,売り,8250.0,6523.9,8237.9,8237.9,loss,0.15,1.0,1.14,1.99
2026-01-22,4506,買い,2231.5,2737.0,2249.1,2249.1,loss,0.79,1.0,2.62,0.2
2026-01-22,9104,買い,4756.0,4967.9,4696.1,4696.1,loss,-1.26,-1.0,0.15,2.23
2026-01-22,2802,売り,3659.0,3402.1,3672.4,3672.4,loss,-0.37,-1.0,2.9,0.52
2026-01-22,8766,買い,5800.0,6053.5,5518.5,5651.0,forced_loss,-2.57,-0.53,1.6,4.67
2026-01-22,9432,買い,157.2,163.1,155.5,155.5,loss,-1.07,-1.0,0.45,1.27
2026-01-22,6301,売り,5750.0,5138.0,5650.7,5650.7,loss,1.73,1.0,1.83,0.33
2026-01-22,6702,買い,4405.0,4680.6,3876.8,4075.0,forced_loss,-7.49,-0.62,0.91,9.53
2026-01-22,7751,買い,4694.0,4899.4,4413.1,4413.1,loss,-5.98,-1.0,0.02,6.05
2026-01-22,6954,買い,6655.0,7195.3,6075.3,6120.0,forced_loss,-8.04,-0.92,0.08,8.46
2026-01-22,4502,買い,5078.0,5241.6,4523.4,5153.0,forced_win,1.48,0.14,1.5,0.87
2026-01-23,5803,売り,2917.5,1271.3,3164.8,3164.8,loss,-8.48,-1.0,0.03,17.79
2026-01-23,6098,買い,8492.0,9341.4,8370.5,8370.5,loss,-1.43,-1.0,0.09,2.54
2026-01-23,9432,買い,157.5,162.2,155.5,155.5,loss,-1.25,-1.0,0.25,1.46
2026-01-23,6367,買い,19390.0,20880.1,19507.8,19507.8,loss,0.61,1.0,0.21,0.9
2026-01-23,6301,売り,5575.0,5361.4,5772.3,5772.3,loss,-3.54,-1.0,0.7,4.79
2026-01-23,8766,買い,5716.0,6053.5,5518.5,5727.0,forced_win,0.19,0.06,0.42,3.27
2026-01-23,2802,売り,3505.0,3402.1,3672.4,3402.1,win,2.93,0.61,3.74,0.37
2026-01-23,9104,買い,4710.0,4978.9,4696.1,4696.1,loss,-0.3,-1.0,0.02,1.27
2026-01-23,6702,買い,4240.0,4641.2,3876.8,4283.0,forced_win,1.01,0.12,3.16,6.01
2026-01-23,6701,買い,5744.0,6144.0,5648.5,5648.5,loss,-1.66,-1.0,0.85,2.59
2026-01-26,2914,買い,5585.0,5866.5,5644.9,5644.9,loss,1.07,1.0,0.13,0.7
2026-01-26,8766,買い,5650.0,6160.5,5839.5,5839.5,loss,3.35,1.0,0.41,1.01
2026-01-26,5803,売り,2991.7,1271.3,3118.5,3118.5,loss,-4.24,-1.0,1.81,14.87
2026-01-26,9984,売り,4111.0,1861.5,4278.0,4278.0,loss,-4.06,-1.0,2.43,7.22
2026-01-26,7003,買い,6404.0,7329.1,6130.6,6527.0,forced_win,1.92,0.45,9.78,0.75
2026-01-26,6098,買い,8440.0,9410.8,8509.1,8509.1,loss,0.82,1.0,1.67,1.54
2026-01-26,4506,買い,2311.0,2849.5,2249.1,2249.1,loss,-2.68,-1.0,4.89,3.14
2026-01-26,2802,売り,3500.0,3312.1,3582.3,3498.0,forced_win,0.06,0.02,3.6,1.91
2026-01-26,6506,買い,4937.0,5763.0,4859.0,4859.0,loss,-1.58,-1.0,5.65,2.11
2026-01-26,9432,買い,157.8,163.3,156.9,156.9,loss,-0.6,-1.0,0.06,1.65
2026-01-27,5803,売り,3261.7,1271.3,3128.4,3128.4,loss,4.09,1.0,0.38,5.37
2026-01-27,6861,買い,58270.0,61192.0,57772.0,57772.0,loss,-0.85,-1.0,1.2,3.47
2026-01-27,5802,買い,6965.0,7369.4,6439.1,7369.4,win,5.81,0.77,12.05,4.01
2026-01-27,7003,買い,6592.0,7406.7,6428.1,6840.0,forced_win,3.76,1.51,6.64,2.03
2026-01-27,6367,買い,18905.0,20671.1,19227.2,19227.2,loss,1.7,1.0,0.4,2.41
2026-01-27,9432,買い,155.0,162.6,156.9,156.9,loss,1.2,1.0,0.06,0.65
2026-01-27,6098,買い,8510.0,9198.8,8231.9,8231.9,loss,-3.27,-1.0,0.78,4.23
2026-01-27,9983,買い,58500.0,64207.5,56343.8,62020.0,forced_win,6.02,1.63,6.94,2.24
2026-01-27,8001,買い,1943.5,2110.1,1730.0,2031.0,forced_win,4.5,0.41,4.86,1.47
2026-01-27,2914,買い,5551.0,5753.3,4451.9,5753.3,win,3.64,0.18,4.32,1.8
2026-01-28,6981,買い,3157.0,3418.1,3179.0,3179.0,loss,0.7,1.0,0.22,2.6
2026-01-28,6701,買い,5610.0,6142.4,5648.5,5648.5,loss,0.69,1.0,0.5,2.1
2026-01-28,6861,買い,58800.0,62794.9,57772.0,57772.0,loss,-1.75,-1.0,0.29,4.34
2026-01-28,6098,買い,8200.0,9339.6,8509.1,8509.1,loss,3.77,1.0,0.48,0.61
2026-01-28,5803,売り,3338.3,1271.3,3196.0,3196.0,loss,4.26,1.0,4.92,0.17
2026-01-28,5802,買い,7042.0,7492.4,6439.1,7492.4,win,6.4,0.75,10.82,5.06
2026-01-28,7267,買い,1505.5,1640.3,1441.3,1612.5,forced_win,7.11,1.67,7.74,0.53
2026-01-28,9983,買い,57680.0,63702.0,56343.8,61740.0,forced_win,7.04,3.04,8.46,0.85
2026-01-28,9984,売り,4180.0,1861.5,4278.0,4278.0,loss,-2.34,-1.0,3.13,4.19
2026-01-28,9432,買い,154.0,159.5,152.9,152.9,loss,-0.74,-1.0,0.13,0.84
2026-01-29,6861,買い,56780.0,61192.0,57772.0,57772.0,loss,1.75,1.0,1.55,0.93
2026-01-29,6701,買い,5498.0,6122.3,5648.5,5648.5,loss,2.74,1.0,0.11,5.24
2026-01-29,7267,買い,1539.0,1640.3,1441.3,1640.3,win,6.58,1.04,7.93,0.19
2026-01-29,9432,買い,154.8,159.5,152.9,152.9,loss,-1.25,-1.0,1.68,1.61
2026-01-29,6098,買い,8162.0,9261.5,8370.5,8370.5,loss,2.55,1.0,0.2,1.31
2026-01-29,1928,買い,3443.0,3619.3,3469.9,3469.9,loss,0.78,1.0,0.09,1.1
2026-01-29,6981,買い,3086.0,3418.1,3179.0,3179.0,loss,3.01,1.0,2.17,0.03
2026-01-29,7741,買い,24985.0,27304.0,25116.6,25116.6,loss,0.53,1.0,8.79,0.14
2026-01-29,8766,買い,5720.0,5839.5,5518.5,5839.5,win,2.09,0.59,2.4,0.98
2026-01-29,9983,買い,59000.0,62759.0,56343.8,62759.0,win,6.37,1.42,8.25,2.42
2026-01-30,4063,買い,5222.0,5479.4,4893.4,5104.0,forced_loss,-2.26,-0.36,1.67,3.04
2026-01-30,9984,売り,4123.0,1861.5,4278.0,4278.0,loss,-3.76,-1.0,1.33,4.71
2026-01-30,8766,買い,5827.0,5946.5,5625.5,5946.5,win,2.05,0.59,2.52,1.49
2026-01-30,6954,買い,6177.0,6789.8,6075.3,6075.3,loss,-1.65,-1.0,0.97,2.43
2026-01-30,9432,買い,156.7,158.2,152.9,152.9,loss,-2.45,-1.0,0.45,2.81
2026-01-30,1928,買い,3473.0,3576.9,3405.5,3576.9,win,2.99,1.54,3.22,1.07
2026-01-30,9983,買い,60230.0,62500.5,56343.8,62500.5,win,3.77,0.58,3.87,1.38
2026-01-30,6752,買い,2143.0,2332.2,1845.7,2332.2,win,8.83,0.64,18.01,3.55
2026-01-30,5803,売り,3328.3,2915.0,3397.9,3397.9,loss,-2.09,-1.0,2.35,5.68
2026-01-30,6861,買い,56940.0,62515.4,58456.0,58456.0,loss,2.66,1.0,0.11,2.21
2026-02-02,9984,売り,4220.0,1861.5,4278.0,4278.0,loss,-1.37,-1.0,1.28,2.3
2026-02-02,1928,買い,3448.0,3592.5,3405.5,3592.5,win,4.19,3.4,5.08,0.12
2026-02-02,6506,買い,4979.0,5544.9,4859.0,5247.0,forced_win,5.38,2.23,10.4,0.64
2026-02-02,6954,買い,6248.0,6934.5,6266.3,6266.3,loss,0.29,1.0,3.1,0.75
2026-02-02,9432,買い,156.8,159.5,152.9,152.9,loss,-2.51,-1.0,0.38,2.87
2026-02-02,7267,買い,1562.0,1640.3,1540.8,1640.3,win,5.01,3.7,6.34,0.42
2026-02-02,6098,買い,8270.0,8879.8,8093.3,8093.3,loss,-2.14,-1.0,1.8,9.3
2026-02-02,8766,買い,5895.0,6053.5,5616.5,6053.5,win,2.69,0.57,5.43,0.92
2026-02-02,7182,売り,2799.5,1787.8,2810.0,2810.0,loss,-0.37,-1.0,1.25,0.7
2026-02-02,5803,売り,3500.0,2915.0,3416.4,3416.4,loss,2.39,1.0,1.21,5.1
2026-02-03,6098,買い,8051.0,9039.9,8231.9,8231.9,loss,2.25,1.0,0.24,6.83
2026-02-03,5706,買い,21105.0,23134.0,19488.4,23134.0,win,9.61,1.26,9.76,3.06
2026-02-03,6503,買い,5150.0,5177.0,4789.6,5177.0,win,0.52,0.07,4.52,1.26
2026-02-03,8766,買い,5900.0,6053.5,5732.5,6053.5,win,2.6,0.92,5.34,1.0
2026-02-03,9432,買い,156.0,162.1,155.5,155.5,loss,-0.3,-1.0,0.06,1.67
2026-02-03,4502,売り,5467.0,4461.4,5439.2,5439.2,loss,0.51,1.0,0.55,0.49
2026-02-03,7267,買い,1590.0,1640.3,1540.8,1640.3,win,3.16,1.02,4.47,0.75
2026-02-03,6861,買い,56680.0,61192.0,55720.0,55720.0,loss,-1.69,-1.0,0.0,3.76
2026-02-03,4063,買い,5130.0,5707.2,4893.4,5449.0,forced_win,6.22,1.35,6.88,0.92
2026-02-03,5803,売り,3666.7,2915.0,3472.8,3472.8,loss,5.29,1.0,0.64,5.32
2026-02-04,6098,買い,7450.0,9113.6,8231.9,8231.9,loss,10.5,1.0,0.23,4.7
2026-02-04,6861,買い,51550.0,61192.0,56404.0,56404.0,loss,9.42,1.0,4.36,0.0
2026-02-04,4502,売り,5515.0,4490.2,5518.1,5518.1,loss,-0.06,-1.0,1.34,1.83
2026-02-04,9432,買い,154.7,162.1,155.5,155.5,loss,0.53,1.0,0.9,1.55
2026-02-04,4063,買い,5222.0,5691.7,4893.4,5691.7,win,8.99,1.43,9.94,2.66
2026-02-04,7267,買い,1645.0,1681.9,1565.7,1681.9,win,2.24,0.46,2.86,1.28
2026-02-04,6702,買い,3981.0,4787.1,4382.9,4382.9,loss,10.1,1.0,0.63,2.03
2026-02-04,7974,売り,8851.0,9100.9,10149.7,9100.9,win,-2.82,-0.19,1.65,0.81
2026-02-04,6701,買い,4490.0,5818.7,4627.3,4627.3,loss,3.06,1.0,0.62,3.54
2026-02-04,6501,買い,5080.0,5822.6,5376.2,5376.2,loss,5.83,1.0,2.95,0.14
2026-02-05,9432,買い,154.7,158.2,152.9,152.9,loss,-1.19,-1.0,0.71,1.42
2026-02-05,6762,売り,2130.0,1964.8,2188.4,2188.4,loss,-2.74,-1.0,1.1,8.4
2026-02-05,4502,売り,5531.0,4516.1,5585.4,5585.4,loss,-0.98,-1.0,1.19,1.97
2026-02-05,9984,売り,3873.0,1861.5,4278.0,4278.0,loss,-10.46,-1.0,2.14,12.21
2026-02-05,8766,買い,5995.0,6160.5,5839.5,6160.5,win,2.76,1.06,3.67,0.75
2026-02-05,7003,買い,6597.0,7905.2,6428.1,7292.0,forced_win,10.54,4.12,15.96,1.88
2026-02-05,9104,売り,4994.0,4887.0,5196.7,5196.7,loss,-4.06,-1.0,0.66,4.35
2026-02-05,7013,売り,3745.0,2328.4,3939.6,3939.6,loss,-5.2,-1.0,1.79,5.71
2026-02-05,4063,買い,5122.0,5774.2,4893.4,5499.0,forced_win,7.36,1.65,12.09,0.76
2026-02-05,4519,買い,8850.0,9428.3,8478.5,9428.3,win,6.53,1.56,6.89,2.73
2026-02-06,6501,買い,5667.0,5645.9,5101.1,5645.9,win,-0.37,-0.04,3.09,0.69
2026-02-06,6762,売り,2300.0,1964.8,2188.4,2188.4,loss,4.85,1.0,2.07,0.39
2026-02-06,9432,買い,153.0,160.9,154.2,154.2,loss,0.78,1.0,0.98,0.33
2026-02-06,7974,買い,8650.0,10103.4,8396.9,8396.9,loss,-2.93,-1.0,4.68,3.47
2026-02-06,4506,買い,2295.5,2774.9,2249.1,2249.1,loss,-2.02,-1.0,0.28,2.13
2026-02-06,6861,買い,54580.0,57088.0,51821.1,57088.0,win,4.6,0.91,6.89,0.86
2026-02-06,6503,売り,5979.0,4840.1,5503.1,5503.1,loss,7.96,1.0,4.87,0.18
2026-02-06,6981,買い,3392.0,3652.1,3179.0,3283.0,forced_loss,-3.21,-0.51,0.59,5.07
2026-02-06,6954,買い,6925.0,7266.9,6457.4,6457.4,loss,-6.75,-1.0,0.22,8.19
2026-02-06,8002,売り,5900.0,3768.2,5563.0,5563.0,loss,5.71,1.0,1.36,1.68
2026-02-09,6098,買い,7571.0,7954.7,6752.7,6752.7,loss,-10.81,-1.0,0.04,19.17
2026-02-09,6762,売り,2292.5,1964.8,2188.4,2188.4,loss,4.54,1.0,0.15,2.31
2026-02-09,7003,買い,7300.0,7839.9,6428.1,7242.0,forced_loss,-0.79,-0.07,4.86,7.96
2026-02-09,6981,買い,3306.0,3586.8,3179.0,3509.0,forced_win,6.14,1.6,8.44,2.6
2026-02-09,4063,買い,5354.0,5629.2,4893.4,5629.2,win,5.14,0.6,7.23,0.07
2026-02-09,6503,売り,5889.0,4279.6,5630.1,5630.1,loss,4.4,1.0,2.36,0.22
2026-02-09,6702,買い,4075.0,4382.9,3876.8,3876.8,loss,-4.86,-1.0,2.33,6.65
2026-02-09,5706,買い,23500.0,24270.2,19488.4,24270.2,win,3.28,0.19,12.47,2.02
2026-02-09,1801,売り,18500.0,15685.6,18331.5,18331.5,loss,0.91,1.0,1.54,1.27
2026-02-09,6861,買い,55860.0,56404.0,51739.6,56404.0,win,0.97,0.13,1.38,0.48
2026-02-10,9501,売り,636.0,530.6,638.6,638.6,loss,-0.41,-1.0,0.02,5.64
2026-02-10,6098,買い,7060.0,7954.7,6852.5,6852.5,loss,-2.94,-1.0,2.41,3.61
2026-02-10,6702,買い,4056.0,4447.2,3876.8,3876.8,loss,-4.42,-1.0,0.49,6.21
2026-02-10,6752,売り,2543.0,2173.0,2564.7,2564.7,loss,-0.86,-1.0,0.83,1.93
2026-02-10,6981,買い,3307.0,3654.2,3179.0,3610.0,forced_win,9.16,2.37,9.68,2.63
2026-02-10,9432,買い,154.0,158.2,150.3,153.0,forced_loss,-0.65,-0.27,1.17,0.65
2026-02-10,8316,売り,6099.0,4193.2,6143.1,6143.1,loss,-0.72,-1.0,0.87,3.03
2026-02-10,8411,売り,7751.0,4894.4,7776.2,7776.2,loss,-0.32,-1.0,0.5,2.7
2026-02-10,8035,買い,41900.0,45503.4,27087.5,43390.0,forced_win,3.56,0.1,4.82,2.79
2026-02-10,6367,売り,18935.0,16141.8,19507.8,19507.8,loss,-3.02,-1.0,0.21,3.12
2026-02-12,9433,買い,2711.5,2778.9,2498.0,2641.0,forced_loss,-2.6,-0.33,1.68,2.88
2026-02-12,2802,売り,4426.0,3672.4,4431.5,4431.5,loss,-0.13,-1.0,1.69,1.74
2026-02-12,9501,売り,664.9,531.3,638.6,638.6,loss,3.96,1.0,0.05,5.1
2026-02-12,9432,買い,154.5,158.2,152.9,152.9,loss,-1.06,-1.0,0.84,1.42
2026-02-12,6702,買い,3932.0,4556.4,4079.3,4079.3,loss,3.75,1.0,1.02,3.26
2026-02-12,8316,売り,6136.0,5399.5,6294.4,6129.0,forced_win,0.11,0.04,6.84,1.01
2026-02-12,6861,買い,56390.0,61192.0,56404.0,56404.0,loss,0.02,1.0,1.72,1.44
2026-02-12,7011,売り,4979.0,3937.0,5284.3,4952.0,forced_win,0.54,0.09,4.4,3.11
2026-02-12,8031,売り,5707.0,5116.9,5634.7,5634.7,loss,1.27,1.0,0.37,1.8
2026-02-12,6762,売り,2215.0,2113.9,2400.2,2400.2,loss,-8.36,-1.0,2.01,11.04
2026-02-13,2802,売り,4479.0,3672.4,4481.4,4481.4,loss,-0.05,-1.0,0.51,2.34
2026-02-13,9432,買い,154.8,158.2,152.9,152.9,loss,-1.25,-1.0,0.06,1.61
2026-02-13,9984,売り,4409.0,4009.5,5089.4,4329.0,forced_win,1.81,0.12,3.45,7.37
2026-02-13,6861,買い,56150.0,61192.0,56404.0,56404.0,loss,0.45,1.0,4.02,0.18
2026-02-13,6758,売り,3560.0,3226.4,3643.1,3336.0,forced_win,6.29,2.69,6.88,1.99
2026-02-13,7735,売り,10400.0,6815.7,11147.4,10990.0,forced_loss,-5.67,-0.79,2.21,6.11
2026-02-13,6954,買い,6551.0,7436.4,6648.4,6648.4,loss,1.49,1.0,2.24,0.17
2026-02-13,8053,売り,6626.0,6254.8,6932.7,6382.0,forced_win,3.68,0.8,3.68,1.22
2026-02-13,5801,売り,21795.0,9731.8,23418.8,23418.8,loss,-7.45,-1.0,6.08,8.47
2026-02-13,8002,売り,6081.0,5106.7,6498.6,5710.0,forced_win,6.1,0.89,6.23,0.23
2026-02-16,6367,売り,19730.0,18105.2,19507.8,19507.8,loss,1.13,1.0,0.89,1.32
2026-02-16,9433,買い,2708.0,2903.0,2681.2,2681.2,loss,-0.99,-1.0,0.11,1.62
2026-02-16,6762,売り,2191.5,1964.8,2263.0,2263.0,loss,-3.26,-1.0,0.96,5.64
2026-02-16,6861,買い,57680.0,61192.0,53989.7,61192.0,win,6.09,0.95,8.15,0.64
2026-02-16,9432,買い,154.8,160.9,154.2,154.2,loss,-0.39,-1.0,0.06,1.1
2026-02-16,8031,売り,5622.0,5056.2,5842.0,5555.0,forced_win,1.19,0.3,3.65,0.3
2026-02-16,5706,売り,28690.0,22474.9,27915.6,27915.6,loss,2.7,1.0,4.88,0.03
2026-02-16,6758,売り,3602.0,3185.9,3558.6,3558.6,loss,1.21,1.0,4.0,0.03
2026-02-16,7267,買い,1580.0,1730.6,1565.7,1565.7,loss,-0.91,-1.0,1.08,2.37
2026-02-16,8035,買い,41950.0,46935.1,41794.5,41794.5,loss,-0.37,-1.0,2.07,0.86
2026-02-17,7267,買い,1588.0,1686.0,1540.8,1540.8,loss,-2.97,-1.0,0.57,3.12
2026-02-17,6367,売り,20000.0,18105.2,20368.8,20368.8,loss,-1.84,-1.0,2.35,3.28
2026-02-17,6762,売り,2307.0,1964.8,2188.4,2188.4,loss,5.14,1.0,0.35,6.61
2026-02-17,6758,売り,3468.0,3248.7,3643.1,3292.0,forced_win,5.07,1.0,6.29,1.3
2026-02-17,6501,買い,4947.0,5719.6,4177.6,4880.0,forced_loss,-1.35,-0.09,3.23,4.0
2026-02-17,9432,買い,153.6,160.4,154.2,154.2,loss,0.39,1.0,0.07,0.39
2026-02-17,9501,売り,701.9,599.7,723.0,723.0,loss,-3.01,-1.0,1.41,3.32
2026-02-17,9433,買い,2670.0,2900.0,2681.2,2681.2,loss,0.42,1.0,0.37,1.09
2026-02-17,5713,買い,9210.0,11562.7,9326.1,9326.1,loss,1.26,1.0,7.27,0.11
2026-02-17,4063,売り,5470.0,4919.0,5810.6,5810.6,loss,-6.23,-1.0,0.22,9.14
2026-02-18,7267,買い,1580.0,1699.9,1565.7,1565.7,loss,-0.91,-1.0,1.08,2.37
2026-02-18,6954,買い,6406.0,7248.6,6457.4,6457.4,loss,0.8,1.0,1.83,0.61
2026-02-18,6367,売り,20200.0,18105.2,20453.5,20453.5,loss,-1.26,-1.0,3.32,2.25
2026-02-18,9501,売り,715.0,594.0,723.0,723.0,loss,-1.12,-1.0,1.61,1.43
2026-02-18,9432,買い,153.0,158.2,152.9,152.9,loss,-0.09,-1.0,0.07,0.46
2026-02-18,5108,買い,3676.0,3844.7,3551.2,3747.0,forced_win,1.93,0.57,2.61,2.07
2026-02-18,9433,買い,2650.0,2871.8,2655.0,2655.0,loss,0.19,1.0,0.55,0.62
2026-02-18,8316,買い,5978.0,6216.8,5620.5,5890.0,forced_loss,-1.47,-0.25,2.53,5.6
2026-02-18,2914,買い,5951.0,6203.6,5840.9,6010.0,forced_win,0.99,0.54,2.29,0.97
2026-02-18,8306,買い,2961.0,3127.6,2488.9,2925.0,forced_loss,-1.22,-0.08,1.62,5.13
2026-02-19,7267,買い,1573.0,1707.6,1565.7,1565.7,loss,-0.46,-1.0,0.03,1.94
2026-02-19,9432,買い,152.6,158.2,152.9,152.9,loss,0.17,1.0,0.07,1.05
2026-02-19,6501,買い,4992.0,5537.2,4021.4,5226.0,forced_win,4.69,0.24,5.49,4.87
2026-02-19,1812,買い,7048.0,7724.2,6583.4,7142.0,forced_win,1.33,0.2,1.53,3.43
2026-02-19,9984,売り,4389.0,1861.5,4546.5,4089.0,forced_win,6.84,1.9,8.18,0.39
2026-02-19,8316,買い,6045.0,6385.4,5620.5,5997.0,forced_loss,-0.79,-0.11,0.05,6.65
2026-02-19,9501,売り,709.2,638.6,723.0,700.4,forced_win,1.24,0.64,7.71,0.01
2026-02-19,6954,買い,6494.0,7095.4,6075.3,7095.4,win,9.26,1.44,10.49,1.54
2026-02-19,9433,買い,2600.0,2875.8,2655.0,2655.0,loss,2.12,1.0,1.06,0.44
2026-02-19,1605,買い,3727.0,3979.7,3242.2,3800.0,forced_win,1.96,0.15,1.96,3.65
2026-02-20,6367,売り,19560.0,18105.2,20513.0,20513.0,loss,-4.87,-1.0,0.15,5.6
2026-02-20,6501,買い,4900.0,5614.3,4958.8,4958.8,loss,1.2,1.0,2.18,3.08
2026-02-20,9984,売り,4150.0,1861.5,4546.5,4046.0,forced_win,2.51,0.26,4.53,2.87
2026-02-20,9433,買い,2634.5,2832.8,2471.8,2663.0,forced_win,1.08,0.18,2.62,0.82
2026-02-20,7267,買い,1556.0,1702.9,1565.7,1565.7,loss,0.62,1.0,0.1,1.12
2026-02-20,9501,売り,705.1,638.6,723.0,667.8,forced_win,5.29,2.08,7.64,0.31
2026-02-20,6954,買い,6456.0,7209.9,6457.4,6457.4,loss,0.02,1.0,3.05,0.48
2026-02-20,6762,売り,2359.5,2188.4,2472.9,2472.9,loss,-4.81,-1.0,0.76,5.87
2026-02-20,9432,売り,152.0,146.9,152.9,152.9,loss,-0.57,-1.0,0.99,0.92
2026-02-20,5108,買い,3700.0,3957.8,3610.2,3698.0,forced_loss,-0.05,-0.02,2.59,1.62
2026-02-24,5108,買い,3726.0,3878.7,3610.2,3610.2,loss,-3.11,-1.0,1.88,4.35
2026-02-24,9501,売り,691.0,602.6,723.0,637.4,forced_win,7.76,1.67,8.05,1.45
2026-02-24,7267,買い,1552.0,1640.3,1540.8,1540.8,loss,-0.72,-1.0,2.13,1.61
2026-02-24,9984,売り,4200.0,1861.5,4546.5,3992.0,forced_win,4.95,0.6,5.67,1.64
2026-02-24,8316,買い,5790.0,6491.2,5620.5,5620.5,loss,-2.93,-1.0,3.58,3.37
2026-02-24,6857,買い,26765.0,29464.6,11260.3,25725.0,forced_loss,-3.89,-0.07,9.64,4.95
2026-02-24,6762,売り,2390.0,2188.4,2467.9,2467.9,loss,-3.26,-1.0,1.15,4.52
2026-02-24,9433,売り,2640.5,2471.8,2655.0,2655.0,loss,-0.55,-1.0,0.36,1.0
2026-02-24,8002,買い,5839.0,6288.5,3803.8,5757.0,forced_loss,-1.4,-0.04,5.15,1.76
2026-02-24,6954,買い,6700.0,7104.1,6075.3,7104.1,win,6.03,0.65,7.09,0.75
2026-02-25,5108,買い,3752.0,3925.5,3610.2,3610.2,loss,-3.78,-1.0,1.17,5.01
2026-02-25,8316,買い,5834.0,6336.4,5620.5,5620.5,loss,-3.66,-1.0,2.79,4.1
2026-02-25,9501,売り,696.0,587.7,694.9,694.9,loss,0.16,1.0,2.99,0.49
2026-02-25,7267,買い,1557.5,1640.3,1540.8,1540.8,loss,-1.07,-1.0,1.77,1.96
2026-02-25,6954,買い,6969.0,7226.0,6457.4,6457.4,loss,-7.34,-1.0,2.96,12.61
2026-02-25,7203,買い,3780.0,3961.8,2909.7,3520.0,forced_loss,-6.88,-0.3,4.68,7.49
2026-02-25,6762,売り,2443.0,2188.4,2457.0,2457.0,loss,-0.57,-1.0,1.15,2.25
2026-02-25,4519,売り,10290.0,8362.2,10396.1,10396.1,loss,-1.03,-1.0,1.02,1.07
2026-02-25,9104,売り,5507.0,5014.3,5612.7,5612.7,loss,-1.92,-1.0,0.13,3.45
2026-02-25,8035,売り,46600.0,41183.8,45972.5,45972.5,loss,1.35,1.0,4.03,0.0
2026-02-26,8316,買い,5886.0,6225.0,5620.5,5620.5,loss,-4.51,-1.0,1.89,4.94
2026-02-26,8053,買い,6450.0,6982.5,6254.8,6254.8,loss,-3.03,-1.0,3.64,10.48
2026-02-26,9501,売り,676.0,589.4,694.9,694.9,loss,-2.79,-1.0,1.33,3.7
2026-02-26,6762,売り,2405.5,2188.4,2412.1,2412.1,loss,-0.27,-1.0,1.62,0.79
2026-02-26,7013,買い,4188.0,4650.5,2304.4,3921.0,forced_loss,-6.38,-0.14,8.4,10.39
2026-02-26,7203,買い,3740.0,4024.7,2909.7,3481.0,forced_loss,-6.93,-0.31,5.8,6.93
2026-02-26,9984,売り,4080.0,1861.5,4278.0,3864.0,forced_win,5.29,1.09,11.64,2.01
2026-02-26,6954,買い,7050.0,7433.3,6648.4,6648.4,loss,-5.7,-1.0,1.5,6.81
2026-02-26,6501,買い,5200.0,5491.9,4177.6,4860.0,forced_loss,-6.54,-0.33,1.27,10.44
2026-02-26,8306,買い,2934.5,3073.6,2488.9,2735.0,forced_loss,-6.8,-0.45,1.16,11.45
2026-02-27,5401,買い,635.4,669.9,604.3,604.3,loss,-4.89,-1.0,0.33,6.04
2026-02-27,9501,売り,668.0,577.5,694.9,642.7,forced_win,3.79,0.94,8.56,2.4
2026-02-27,7267,買い,1552.0,1640.3,1540.8,1540.8,loss,-0.72,-1.0,0.13,1.61
2026-02-27,7735,売り,11170.0,6913.1,12323.7,10400.0,forced_win,6.89,0.67,12.65,1.41
2026-02-27,6762,売り,2320.0,2188.4,2519.3,2188.4,win,5.67,0.66,9.85,1.7
2026-02-27,9432,売り,152.5,146.6,152.9,151.1,forced_win,0.92,3.84,1.51,0.13
2026-02-27,7203,買い,3685.0,4080.6,3742.2,3742.2,loss,1.55,1.0,7.38,0.9
2026-02-27,5803,売り,4316.7,2886.6,4816.9,4816.9,loss,-11.59,-1.0,0.04,15.1
2026-02-27,6146,売り,74000.0,47570.0,82349.6,73510.0,forced_win,0.66,0.06,8.27,2.5
2026-02-27,7741,売り,27485.0,25169.4,30027.0,28510.0,forced_loss,-3.73,-0.4,1.69,4.29
2026-03-02,5401,買い,629.2,699.2,628.9,628.9,loss,-0.05,-1.0,1.32,1.92
2026-03-02,6098,売り,6809.0,5905.2,7679.6,6700.0,forced_win,1.6,0.13,4.66,4.6
2026-03-02,9432,売り,152.0,147.9,154.2,154.0,forced_loss,-1.32,-0.91,1.25,1.32
2026-03-02,6501,買い,4941.0,5843.5,5115.0,5115.0,loss,3.52,1.0,0.85,3.12
2026-03-02,8306,買い,2808.5,3209.0,2965.8,2965.8,loss,5.6,1.0,1.34,1.3
2026-03-02,6762,売り,2295.0,2188.4,2511.5,2188.4,win,4.64,0.49,8.87,0.13
2026-03-02,9984,売り,4106.0,1861.5,4278.0,3541.0,forced_win,13.76,3.28,16.32,1.36
2026-03-02,8031,売り,6030.0,5106.6,6035.1,6035.1,loss,-0.09,-1.0,1.33,1.79
2026-03-02,6954,売り,6890.0,6413.2,7360.1,6413.2,win,6.92,1.01,11.61,1.0
2026-03-02,4519,売り,9939.0,8344.1,10763.0,9480.0,forced_win,4.62,0.56,8.28,1.52
2026-03-03,6758,売り,3368.0,3228.0,3643.1,3228.0,win,4.16,0.51,4.45,3.62
2026-03-03,6701,売り,4102.0,3613.1,4286.9,4286.9,loss,-4.51,-1.0,2.24,8.73
2026-03-03,5401,買い,615.0,690.9,628.9,628.9,loss,2.26,1.0,0.62,2.93
2026-03-03,7741,買い,27435.0,30729.8,27370.6,27370.6,loss,-0.23,-1.0,1.99,1.51
2026-03-03,9432,売り,150.7,147.0,152.9,152.9,loss,-1.44,-1.0,0.4,2.19
2026-03-03,7974,売り,8588.0,7765.8,8822.9,8822.9,loss,-2.73,-1.0,0.03,3.04
2026-03-03,8766,買い,6097.0,6828.2,6267.5,6267.5,loss,2.8,1.0,0.34,2.51
2026-03-03,6098,売り,6831.0,5747.0,7679.6,6598.0,forced_win,3.41,0.27,4.96,4.26
2026-03-03,9984,売り,3895.0,1861.5,4278.0,3632.0,forced_win,6.75,0.69,11.78,3.65
2026-03-03,6146,買い,71650.0,84911.8,47570.0,69790.0,forced_loss,-2.6,-0.08,3.17,10.51
2026-03-04,8035,買い,42490.0,47609.1,41125.2,41125.2,loss,-3.21,-1.0,1.88,3.91
2026-03-04,6701,売り,4458.0,3507.1,4286.9,4286.9,loss,3.84,1.0,6.08,0.04
2026-03-04,9432,売り,152.1,146.8,152.9,152.9,loss,-0.5,-1.0,1.31,1.25
2026-03-04,7741,買い,28235.0,30900.1,27370.6,27370.6,loss,-3.06,-1.0,1.52,6.73
2026-03-04,5401,買い,617.0,669.9,604.3,604.3,loss,-2.06,-1.0,0.96,2.77
2026-03-04,6146,買い,71730.0,82992.4,47570.0,72370.0,forced_win,0.89,0.03,2.87,10.61
2026-03-04,8306,買い,2745.0,2965.8,2330.0,2684.5,forced_loss,-2.2,-0.15,1.57,6.3
2026-03-04,9984,売り,3900.0,1861.5,4009.5,4009.5,loss,-2.81,-1.0,2.15,3.51
2026-03-04,8316,買い,5403.0,6145.1,4119.9,5302.0,forced_loss,-1.87,-0.08,1.48,6.94
2026-03-04,7182,買い,2875.0,3145.6,1848.1,2754.0,forced_loss,-4.21,-0.12,0.9,9.5
2026-03-05,8766,買い,6157.0,6515.9,5946.5,5946.5,loss,-3.42,-1.0,0.52,6.11
2026-03-05,7267,買い,1431.5,1540.8,1441.3,1441.3,loss,0.69,1.0,2.13,0.0
2026-03-05,9432,売り,150.4,145.9,151.5,151.5,loss,-0.75,-1.0,0.07,0.86
2026-03-05,9983,買い,63920.0,69628.8,56087.5,65170.0,forced_win,1.96,0.16,2.49,3.39
2026-03-05,6503,買い,5490.0,5901.2,4230.1,5523.0,forced_win,0.6,0.03,1.55,7.52
2026-03-05,7974,売り,8582.0,7757.2,8822.9,8822.9,loss,-2.81,-1.0,1.92,6.61
2026-03-05,6701,売り,4308.0,3535.3,4286.9,4286.9,loss,0.49,1.0,0.88,3.95
2026-03-05,6301,買い,7073.0,7758.8,5401.8,7205.0,forced_win,1.87,0.08,4.67,8.43
2026-03-05,6758,売り,3358.0,3004.3,3389.5,3389.5,loss,-0.94,-1.0,0.3,3.93
2026-03-05,9501,売り,650.1,535.2,638.6,638.6,loss,1.77,1.0,3.26,1.2
2026-03-06,8001,買い,1971.0,2307.4,2084.1,2084.1,loss,5.74,1.0,3.27,0.2
2026-03-06,8035,買い,38290.0,47089.7,41125.2,41125.2,loss,7.4,1.0,2.3,1.8
2026-03-06,8766,買い,5783.0,6711.8,6160.5,6160.5,loss,6.53,1.0,4.67,0.03
2026-03-06,7203,買い,3299.0,3884.8,2895.6,3370.0,forced_win,2.15,0.18,8.18,0.12
2026-03-06,7003,買い,6279.0,8381.5,6229.3,6229.3,loss,-0.79,-1.0,1.96,5.86
2026-03-06,5713,買い,9525.0,13005.7,9589.2,9589.2,loss,0.67,1.0,1.55,5.11
2026-03-06,6954,買い,5801.0,7115.5,4413.7,6103.0,forced_win,5.21,0.22,9.74,2.78
2026-03-06,6501,買い,4567.0,5497.0,4802.5,4802.5,loss,5.16,1.0,3.33,0.53
2026-03-06,7267,買い,1413.5,1540.8,1390.9,1390.9,loss,-1.6,-1.0,5.91,4.42
2026-03-06,6701,売り,4250.0,3555.7,4286.9,4286.9,loss,-0.87,-1.0,0.45,3.98
2026-03-09,7003,買い,6420.0,8258.2,6229.3,6229.3,loss,-2.97,-1.0,4.86,3.3
2026-03-09,6861,買い,59100.0,67516.9,60940.0,60940.0,loss,3.11,1.0,2.62,0.08
2026-03-09,8001,買い,2079.5,2286.2,2084.1,2084.1,loss,0.22,1.0,1.37,1.66
2026-03-09,6501,買い,4915.0,5445.9,4802.5,4802.5,loss,-2.29,-1.0,1.1,2.54
2026-03-09,6954,買い,6108.0,7126.7,4413.7,5957.0,forced_loss,-2.47,-0.09,4.22,3.08
2026-03-09,8766,買い,6099.0,6674.4,6160.5,6160.5,loss,1.01,1.0,1.0,1.02
2026-03-09,8035,買い,40760.0,47033.3,41125.2,41125.2,loss,0.9,1.0,1.08,3.93
2026-03-09,7974,売り,8855.0,7763.5,8822.9,8822.9,loss,0.36,1.0,0.55,3.32
2026-03-09,7267,買い,1465.0,1565.7,1441.3,1441.3,loss,-1.62,-1.0,2.18,2.12
2026-03-09,6758,売り,3398.0,3089.4,3474.0,3474.0,loss,-2.24,-1.0,1.62,2.88
2026-03-10,9432,売り,154.3,148.2,154.2,154.2,loss,0.07,1.0,0.58,0.84
2026-03-10,8766,買い,6131.0,6575.5,5946.5,5946.5,loss,-3.01,-1.0,0.57,5.33
2026-03-10,6701,売り,4452.0,3946.5,4457.1,4457.1,loss,-0.11,-1.0,3.64,0.27
2026-03-10,6702,売り,3600.0,3269.5,4079.3,3522.0,forced_win,2.17,0.16,2.75,1.03
2026-03-10,7267,買い,1485.0,1540.8,1441.3,1441.3,loss,-2.94,-1.0,0.81,3.43
2026-03-10,7974,売り,9862.0,7698.6,8822.9,8822.9,loss,10.54,1.0,2.61,2.31
2026-03-10,8001,買い,2127.0,2238.4,1712.3,2064.0,forced_loss,-2.96,-0.15,0.09,5.92
2026-03-10,7013,買い,3898.0,4453.9,2304.4,3781.0,forced_loss,-3.0,-0.07,0.56,7.34
2026-03-10,6501,買い,4948.0,5350.7,4021.4,4801.0,forced_loss,-2.97,-0.16,0.42,4.1
2026-03-10,4502,買い,5723.0,5973.5,4546.0,5820.0,forced_win,1.69,0.08,2.46,1.78
2026-03-11,9432,売り,155.7,148.4,154.2,154.2,loss,0.97,1.0,1.22,0.0
2026-03-11,6702,売り,3511.0,3269.5,3674.4,3475.0,forced_win,1.03,0.22,1.17,2.02
2026-03-11,8766,買い,6000.0,6631.4,6053.5,6053.5,loss,0.89,1.0,0.03,3.27
2026-03-11,2914,買い,5704.0,6088.4,5721.2,5721.2,loss,0.3,1.0,0.28,1.16
2026-03-11,8001,買い,2036.0,2298.3,2084.1,2084.1,loss,2.36,1.0,1.23,0.54
2026-03-11,7741,買い,27455.0,30412.5,27370.6,27370.6,loss,-0.31,-1.0,1.42,0.55
2026-03-11,7003,買い,6440.0,7824.6,6229.3,6229.3,loss,-3.27,-1.0,1.37,3.6
2026-03-11,4004,買い,11565.0,13190.6,6108.8,11500.0,forced_loss,-0.56,-0.01,2.55,8.17
2026-03-11,6758,売り,3406.0,3000.1,3474.0,3474.0,loss,-2.0,-1.0,1.35,2.14
2026-03-11,8306,買い,2677.0,3021.6,2488.9,2731.0,forced_win,2.02,0.29,2.2,3.21
2026-03-12,9432,売り,156.0,151.5,155.5,155.5,loss,0.3,1.0,0.83,1.15
2026-03-12,8766,買い,5790.0,6551.8,5946.5,5946.5,loss,2.7,1.0,2.5,0.0
2026-03-12,6762,買い,2082.0,2412.1,2113.9,2113.9,loss,1.53,1.0,3.67,0.02
2026-03-12,6954,買い,6007.0,7164.3,6013.3,6013.3,loss,0.1,1.0,2.16,0.35
2026-03-12,6501,買い,4786.0,5489.6,4802.5,4802.5,loss,0.35,1.0,1.86,0.86
2026-03-12,7741,買い,27105.0,30693.4,27370.6,27370.6,loss,0.98,1.0,3.14,0.0
2026-03-12,8306,買い,2592.0,2980.0,2488.9,2686.0,forced_win,3.63,0.91,5.56,0.04
2026-03-12,9433,売り,2580.0,2471.8,2681.2,2681.2,loss,-3.92,-1.0,0.0,4.34
2026-03-12,6758,売り,3360.0,3051.9,3474.0,3474.0,loss,-3.39,-1.0,0.0,3.54
2026-03-12,4063,買い,6301.0,6849.6,5698.8,6373.0,forced_win,1.14,0.12,6.97,0.44
2026-03-13,8766,買い,5937.0,6267.5,5839.5,5839.5,loss,-1.64,-1.0,2.66,2.51
2026-03-13,9432,売り,155.4,151.5,156.9,156.9,loss,-0.94,-1.0,0.64,1.22
2026-03-13,7974,売り,10430.0,8822.9,10399.1,10399.1,loss,0.3,1.0,4.17,0.05
2026-03-13,6954,買い,6003.0,7092.5,6213.2,6213.2,loss,3.5,1.0,1.05,1.38
2026-03-13,6762,買い,2104.0,2412.1,2113.9,2113.9,loss,0.47,1.0,2.12,2.28
2026-03-13,7741,買い,27490.0,30530.7,27370.6,27370.6,loss,-0.43,-1.0,0.8,1.62
2026-03-13,8306,買い,2624.5,2945.2,2488.9,2564.5,forced_loss,-2.29,-0.44,4.25,3.94
2026-03-13,6501,買い,4801.0,5534.2,4802.5,4802.5,loss,0.03,1.0,1.56,0.81
2026-03-13,6701,売り,4212.0,3567.2,4286.9,4286.9,loss,-1.78,-1.0,0.26,2.28
2026-03-13,6758,売り,3431.0,3075.7,3474.0,3192.0,forced_win,6.97,5.55,7.32,0.93
2026-03-16,8766,買い,5973.0,6267.5,5839.5,5839.5,loss,-2.24,-1.0,2.04,3.1
2026-03-16,6954,買い,6074.0,6959.8,6013.3,6013.3,loss,-1.0,-1.0,0.82,1.53
2026-03-16,9432,売り,156.5,148.7,155.5,155.5,loss,0.62,1.0,0.06,1.02
2026-03-16,7974,売り,10175.0,8822.9,10399.1,8984.0,forced_win,11.71,5.31,13.17,0.05
2026-03-16,6762,買い,2101.5,2412.1,2113.9,2113.9,loss,0.59,1.0,1.93,0.81
2026-03-16,5713,買い,9844.0,12234.6,9589.2,9589.2,loss,-2.59,-1.0,0.36,3.68
2026-03-16,6501,買い,4880.0,5456.5,4802.5,4802.5,loss,-1.59,-1.0,0.61,2.13
2026-03-16,6701,売り,4248.0,3630.9,4286.9,4049.0,forced_win,4.68,5.12,8.5,0.35
2026-03-16,7741,買い,28040.0,30571.0,27370.6,27370.6,loss,-2.39,-1.0,1.46,4.17
2026-03-16,6758,売り,3384.0,3076.6,3474.0,3232.0,forced_win,4.49,1.69,6.03,0.27
2026-03-17,9432,売り,157.8,151.5,156.9,156.9,loss,0.6,1.0,0.06,0.82
2026-03-17,8766,買い,5999.0,6481.5,5839.5,5839.5,loss,-2.66,-1.0,1.6,3.52
2026-03-17,7003,買い,6550.0,7729.1,6229.3,6229.3,loss,-4.9,-1.0,5.79,8.7
2026-03-17,5713,買い,9718.0,11967.9,9589.2,9589.2,loss,-1.32,-1.0,3.57,5.98
2026-03-17,6861,買い,59600.0,65747.5,57628.0,57628.0,loss,-3.31,-1.0,2.15,6.26
2026-03-17,7974,売り,9802.0,8822.9,10399.1,8980.0,forced_win,8.39,1.38,9.87,1.31
2026-03-17,7741,買い,27800.0,30329.8,27370.6,27370.6,loss,-1.54,-1.0,2.34,3.35
2026-03-17,6701,売り,4154.0,3662.7,4286.9,4042.0,forced_win,2.7,0.84,6.43,0.89
2026-03-17,8306,買い,2695.0,2910.5,2488.9,2718.5,forced_win,0.87,0.11,1.52,6.46
2026-03-17,6981,買い,3900.0,4149.7,3338.2,3660.0,forced_loss,-6.15,-0.43,0.18,12.18
2026-03-18,7974,売り,9700.0,8822.9,10083.9,8990.0,forced_win,7.32,1.85,8.92,2.18
2026-03-18,8316,買い,5188.0,5741.0,5120.3,5120.3,loss,-1.31,-1.0,0.39,4.88
2026-03-18,7003,買い,6702.0,7667.0,6229.3,6229.3,loss,-7.05,-1.0,3.39,10.77
2026-03-18,8766,買い,5971.0,6481.5,5839.5,5839.5,loss,-2.2,-1.0,2.08,3.06
2026-03-18,6954,買い,5939.0,6843.0,6013.3,6013.3,loss,1.25,1.0,1.11,0.61
2026-03-18,6861,買い,59270.0,65414.8,57628.0,57628.0,loss,-2.77,-1.0,1.52,5.74
2026-03-18,7741,買い,27705.0,30377.7,27370.6,27370.6,loss,-1.21,-1.0,0.65,3.01
2026-03-18,9432,売り,157.1,152.9,159.4,159.4,loss,-1.46,-1.0,0.25,1.85
2026-03-18,6701,売り,4128.0,3621.3,4286.9,3940.0,forced_win,4.55,1.18,5.96,1.36
2026-03-18,9433,売り,2633.0,2471.8,2681.2,2681.2,loss,-1.83,-1.0,0.11,1.88
2026-03-19,6501,売り,4730.0,4021.4,4958.8,4716.0,forced_win,0.3,0.06,1.99,3.95
2026-03-19,7974,売り,9434.0,8822.9,10083.9,9215.0,forced_win,2.32,0.34,6.35,1.06
2026-03-19,8316,買い,5000.0,5857.3,5120.3,5120.3,loss,2.41,1.0,0.6,1.3
2026-03-19,6954,買い,5650.0,6930.6,6013.3,6013.3,loss,6.43,1.0,0.78,2.16
2026-03-19,8766,買い,5880.0,6481.5,6053.5,6053.5,loss,2.95,1.0,0.46,1.56
2026-03-19,4568,売り,2903.0,2690.6,3368.7,2930.0,forced_loss,-0.93,-0.06,2.84,5.58
2026-03-19,9432,売り,157.7,152.9,160.1,159.0,forced_loss,-0.82,-0.55,1.2,1.27
2026-03-19,6701,売り,3952.0,3633.1,4286.9,3990.0,forced_loss,-0.96,-0.11,1.77,2.81
2026-03-19,6981,買い,3500.0,4383.3,3692.1,3692.1,loss,5.49,1.0,1.0,2.14
2026-03-19,7741,買い,27300.0,30820.0,28104.4,28104.4,loss,2.95,1.0,0.7,1.58
